CD_VOIE_INF__VOIE;LIAISON_INF__LIAISON;CHAUSSEE_INF__SENS;ABS_DEB;ABS_FIN;NUM;NBRE;NUM_VNR;NBRE_VNR
VL;A6;1;285105;286800;2;3;3;5
VR;A6;1;285105;286800;3;3;4;5
BDG;A6;1;285105;286800;0;0;5;5
BAU;A6;1;286800;289100;0;0;1;5
VS;A6;1;286800;289100;1;3;2;5
VL;A6;1;286800;289100;2;3;3;5
VR;A6;1;286800;289100;3;3;4;5
BDG;A6;1;286800;289100;0;0;5;5
BAU;A6;1;289100;304400;0;0;1;4
VL;A6;1;289100;304400;1;2;2;4
VR;A6;1;289100;304400;2;2;3;4
BDG;A6;1;289100;304400;0;0;4;4
BAU;A6;1;304400;304604;0;0;1;5
VL;A6;1;304400;304604;1;3;2;5
VM1;A6;1;304400;304604;2;3;3;5
VR;A6;1;304400;304604;3;3;4;5
BDG;A6;1;304400;304604;0;0;5;5
BAU;A6;1;304604;305000;0;0;1;7
VL;A6;1;304604;305000;1;5;2;7
VM1;A6;1;304604;305000;2;5;3;7
VM2;A6;1;304604;305000;3;5;4;7
VM3;A6;1;304604;305000;4;5;5;7
VR;A6;1;304604;305000;5;5;6;7
BDG;A6;1;304604;305000;0;0;7;7
BAU;A6;1;305000;314700;0;0;1;6
VL;A6;1;305000;314700;1;4;2;6
VM1;A6;1;305000;314700;2;4;3;6
VM2;A6;1;305000;314700;3;4;4;6
VR;A6;1;305000;314700;4;4;5;6
BDG;A6;1;305000;314700;0;0;6;6
BAU;A6;1;314700;320900;0;0;1;5
VL;A6;1;314700;320900;1;3;2;5
VM1;A6;1;314700;320900;2;3;3;5
VR;A6;1;314700;320900;3;3;4;5
BDG;A6;1;314700;320900;0;0;5;5
BAU;A6;1;320900;329300;0;0;1;5
VL;A6;1;320900;329300;1;3;2;5
VM1;A6;1;320900;329300;2;3;3;5
VL;A36-14.1;E1;0;214;1;1;1;1
VL;A36-14.1;E2;0;664;1;1;1;1
VL;A36-14.1;S1;0;429;1;1;1;1
VL;A36-14.1;S2;0;251;1;1;1;1
VL;A36-15;E1;0;439;1;1;1;1
VL;A36-15;E2;0;731;1;1;1;1
VL;A36-15;S1;0;790;1;1;1;1
VL;A36-15;S2;0;208;1;1;1;1
VL;A36-16;E1;0;539;1;1;1;1
VL;A36-16;S2;0;488;1;1;1;1
VL;A36-2;E1;0;1009;1;1;1;1
VL;A36-2;E2;0;699;1;1;1;1
VL;A36-2;S1;0;1094;1;1;1;1
VL;A36-2;S2;0;464;1;1;1;1
VL;A36-2.1;E1;0;1013;1;1;1;1
VL;A36-2.1;E2;0;221;1;1;1;1
VL;A36-2.1;S1;0;1173;1;1;1;1
VL;A36-2.1;S2;0;503;1;1;1;1
VL;A36-3;E1;0;713;1;1;1;1
BAU;A5;2;208012;227682;0;0;1;4
VL;A36-3;E2;0;234;1;1;1;1
VL;A36-3;S1;0;672;1;1;1;1
VL;A36-3;S2;0;555;1;1;1;1
VL;A36-4;E1;0;982;1;1;1;1
VL;A36-4;E2;0;420;1;1;1;1
VL;A36-4;S1;0;951;1;1;1;1
VL;A36-4;S2;0;688;1;1;1;1
VL;A36-4.1;E1;0;911;1;1;1;1
VL;A36-4.1;E2;0;368;1;1;1;1
VL;A36-4.1;S1;0;980;1;1;1;1
VL;A36-4.1;S2;0;402;1;1;1;1
VL;A36-5;E1;0;581;1;1;1;1
VL;A36-5;E2;0;511;1;1;1;1
VL;A36-5;S1;0;676;1;1;1;1
VL;A36-5;S2;0;451;1;1;1;1
VL;A36-6;E1;0;957;1;1;1;1
VL;A36-6;E2;0;293;1;1;1;1
VL;A36-6;S1;0;606;1;1;1;1
VL;A36-6;S2;0;681;1;1;1;1
VL;A36-6.1;E1;0;337;1;1;1;1
VL;A36-6.1;E2;0;359;1;1;1;1
VL;A36-6.1;S1;0;343;1;1;1;1
VL;A36-6.1;S2;0;474;1;1;1;1
VL;A36-7;E1;0;343;1;1;1;1
VL;A36-7;E2;0;115;1;1;1;1
VL;A36-7;S1;0;314;1;1;1;1
VL;A36-7;S2;0;226;1;1;1;1
VL;A36-8;E1;0;494;1;1;1;1
VL;A36-8;E2;0;746;1;1;1;1
VL;A36-8;S1;0;499;1;1;1;1
VL;A36-8;S2;0;821;1;1;1;1
VL;A36-9;E1;0;956;1;1;1;1
VL;A36-9;E2;0;488;1;1;1;1
VL;A36-9;S1;0;597;1;1;1;1
VL;A36-9;S2;0;748;1;1;1;1
BAU;A39;1;0;5520;0;0;1;4
VL;A39;1;0;5520;1;2;2;4
VR;A39;1;0;5520;2;2;3;4
BDG;A39;1;0;5520;0;0;4;4
BAU;A39;1;6618;22110;0;0;1;4
VL;A39;1;6618;22110;1;2;2;4
VR;A39;1;6618;22110;2;2;3;4
BDG;A39;1;6618;22110;0;0;4;4
BAU;A39;1;22110;40698;0;0;1;4
VL;A39;1;22110;40698;1;2;2;4
VR;A39;1;22110;40698;2;2;3;4
BDG;A39;1;22110;40698;0;0;4;4
BAU;A39;1;40698;121210;0;0;1;4
VL;A39;1;40698;121210;1;2;2;4
VR;A39;1;40698;121210;2;2;3;4
BDG;A39;1;40698;121210;0;0;4;4
BAU;A39;1;121210;144728;0;0;1;4
VL;A39;1;121210;144728;1;2;2;4
VR;A39;1;121210;144728;2;2;3;4
BDG;A39;1;121210;144728;0;0;4;4
BAU;A39;2;0;5190;0;0;1;4
VL;A39;2;0;5190;1;2;2;4
VR;A39;2;0;5190;2;2;3;4
BDG;A39;2;0;5190;0;0;4;4
BAU;A39;2;5190;5520;0;0;1;4
VL;A39;2;5190;5520;1;2;2;4
VR;A39;2;5190;5520;2;2;3;4
BDG;A39;2;5190;5520;0;0;4;4
BAU;A39;2;6618;22110;0;0;1;4
VL;A39;2;6618;22110;1;2;2;4
VR;A39;2;6618;22110;2;2;3;4
BDG;A39;2;6618;22110;0;0;4;4
BAU;A39;2;22110;40698;0;0;1;4
VL;A39;2;22110;40698;1;2;2;4
VR;A39;2;22110;40698;2;2;3;4
BDG;A39;2;22110;40698;0;0;4;4
BAU;A39;2;40698;121210;0;0;1;4
VL;A39;2;40698;121210;1;2;2;4
VR;A39;2;40698;121210;2;2;3;4
BDG;A39;2;40698;121210;0;0;4;4
BAU;A39;2;121210;144739;0;0;1;4
VL;A39;2;121210;144739;1;2;2;4
VR;A39;2;121210;144739;2;2;3;4
BDG;A39;2;121210;144739;0;0;4;4
VL;A39-A391;E1;0;725;1;1;1;1
VL;A39-A391;S2;0;288;1;1;1;1
VL;A39-A40;E2;0;1379;1;1;1;1
VL;A39-A40;S1;0;826;1;1;1;1
VL;A39-1;E1;0;584;1;1;1;1
VL;A39-1;S2;0;408;1;1;1;1
BAU;A391;1;0;3600;0;0;1;4
VL;A391;1;0;3600;1;2;2;4
VR;A391;1;0;3600;2;2;3;4
BDG;A391;1;0;3600;0;0;4;4
BAU;A391;1;3600;4598;0;0;1;3
VL;A391;1;3600;4598;1;1;2;3
BDG;A391;1;3600;4598;0;0;3;3
BAU;A391;2;0;3600;0;0;1;4
VL;A391;2;0;3600;1;2;2;4
VR;A6;1;320900;329300;3;3;4;5
BDG;A6;1;320900;329300;0;0;5;5
BAU;A6;1;329300;337750;0;0;1;5
VL;A6;1;329300;337750;1;3;2;5
VM1;A6;1;329300;337750;2;3;3;5
VR;A6;1;329300;337750;3;3;4;5
BDG;A6;1;329300;337750;0;0;5;5
BAU;A6;1;337750;352708;0;0;1;5
VL;A6;1;337750;352708;1;3;2;5
VM1;A6;1;337750;352708;2;3;3;5
VR;A6;1;337750;352708;3;3;4;5
BDG;A6;1;337750;352708;0;0;5;5
BAU;A6;1;352708;354900;0;0;1;5
VL;A6;1;352708;354900;1;3;2;5
VM1;A6;1;352708;354900;2;3;3;5
VR;A6;1;352708;354900;3;3;4;5
BDG;A6;1;352708;354900;0;0;5;5
BAU;A6;1;354900;356720;0;0;1;5
VL;A6;1;354900;356720;1;3;2;5
VM1;A6;1;354900;356720;2;3;3;5
VR;A6;1;354900;356720;3;3;4;5
BDG;A6;1;354900;356720;0;0;5;5
BAU;A6;1;356720;369000;0;0;1;5
VL;A6;1;356720;369000;1;3;2;5
VM1;A6;1;356720;369000;2;3;3;5
VR;A6;1;356720;369000;3;3;4;5
BDG;A6;1;356720;369000;0;0;5;5
BAU;A6;1;369000;382900;0;0;1;5
VL;A6;1;369000;382900;1;3;2;5
VM1;A6;1;369000;382900;2;3;3;5
VR;A6;1;369000;382900;3;3;4;5
BDG;A6;1;369000;382900;0;0;5;5
BAU;A6;1;382900;389000;0;0;1;5
VL;A6;1;382900;389000;1;3;2;5
VM1;A6;1;382900;389000;2;3;3;5
VR;A6;1;382900;389000;3;3;4;5
BDG;A6;1;382900;389000;0;0;5;5
BAU;A6;1;389000;410000;0;0;1;5
VL;A6;1;389000;410000;1;3;2;5
VM1;A6;1;389000;410000;2;3;3;5
VR;A6;1;389000;410000;3;3;4;5
BDG;A6;1;389000;410000;0;0;5;5
BAU;A6;1;410000;421000;0;0;1;5
VL;A6;1;410000;421000;1;3;2;5
VM1;A6;1;410000;421000;2;3;3;5
VR;A6;1;410000;421000;3;3;4;5
BDG;A6;1;410000;421000;0;0;5;5
BAU;A6;1;421000;426800;0;0;1;5
VL;A6;1;421000;426800;1;3;2;5
VM1;A6;1;421000;426800;2;3;3;5
VR;A6;1;421000;426800;3;3;4;5
BDG;A6;1;421000;426800;0;0;5;5
BAU;A6;1;427600;428100;0;0;1;5
VL;A6;1;427600;428100;1;3;2;5
VM1;A6;1;427600;428100;2;3;3;5
VR;A6;1;427600;428100;3;3;4;5
BDG;A6;1;427600;428100;0;0;5;5
BAU;A6;1;428100;429900;0;0;1;5
VL;A6;1;428100;429900;1;3;2;5
VM1;A6;1;428100;429900;2;3;3;5
VR;A6;1;428100;429900;3;3;4;5
BAU;A36;1;24601;33200;0;0;1;4
VL;A36;1;24601;33200;1;2;2;4
VR;A36;1;24601;33200;2;2;3;4
BDG;A36;1;24601;33200;0;0;4;4
BAU;A36;1;33200;35350;0;0;1;5
EE;A36;1;33200;35350;1;3;2;5
VL;A36;1;33200;35350;2;3;3;5
VR;A36;1;33200;35350;3;3;4;5
BDG;A36;1;33200;35350;0;0;5;5
BAU;A36;1;35350;36500;0;0;1;5
EE;A36;1;35350;36500;1;3;2;5
VL;A36;1;35350;36500;2;3;3;5
VR;A36;1;35350;36500;3;3;4;5
BDG;A36;1;35350;36500;0;0;5;5
BAU;A36;1;36500;36600;0;0;1;5
EE;A36;1;36500;36600;1;3;2;5
VL;A36;1;36500;36600;2;3;3;5
VR;A36;1;36500;36600;3;3;4;5
BDG;A36;1;36500;36600;0;0;5;5
BAU;A36;1;36600;47000;0;0;1;5
VL;A36;1;36600;47000;1;3;2;5
VR;A36;1;36600;47000;2;3;3;5
EI;A36;1;36600;47000;3;3;4;5
BDG;A36;1;36600;47000;0;0;5;5
BAU;A36;1;47000;47500;0;0;1;6
EE;A36;1;47000;47500;1;4;2;6
VL;A36;1;47000;47500;2;4;3;6
VR;A36;1;47000;47500;3;4;4;6
EI;A36;1;47000;47500;4;4;5;6
BDG;A36;1;47000;47500;0;0;6;6
BAU;A36;1;47500;48000;0;0;1;6
VL;A40-2;E2;0;807;1;1;1;1
VL;A40-2;S1;0;220;1;1;1;1
VL;A40-2;S2;0;946;1;1;1;1
VL;A40-3;E1;0;627;1;1;1;1
VL;A40-3;E2;0;598;1;1;1;1
VL;A40-3;S1;0;906;1;1;1;1
VL;A40-3;S2;0;486;1;1;1;1
VL;A40-4;E2;0;1194;1;1;1;1
VL;A40-4;S1;0;1096;1;1;1;1
VL;A404;1;0;20704;1;2;1;2
VR;A404;1;0;20704;2;2;2;2
VL;A404;2;0;20348;1;2;1;2
VR;A404;2;0;20348;2;2;2;2
VL;A404-10;E1;0;180;1;1;1;1
VL;A404-10;E2;0;426;1;1;1;1
VL;A404-10;S1;0;617;1;1;1;1
VL;A404-10;S2;0;202;1;1;1;1
VL;A404-11;E1;0;363;1;1;1;1
VL;A404-11;E2;0;132;1;1;1;1
VR;A6;2;126400;133450;3;3;4;5
BDG;A6;2;126400;133450;0;0;5;5
BAU;A6;2;133450;135950;0;0;1;5
VL;A6;2;133450;135950;1;3;2;5
VM1;A6;2;133450;135950;2;3;3;5
VR;A6;2;133450;135950;3;3;4;5
BDG;A6;2;133450;135950;0;0;5;5
BAU;A6;2;135950;153100;0;0;1;5
VL;A6;2;135950;153100;1;3;2;5
VR;A6;2;135950;153100;2;3;3;5
EI;A6;2;135950;153100;3;3;4;5
BDG;A6;2;135950;153100;0;0;5;5
BAU;A6;2;153100;179349;0;0;1;4
VL;A6;2;153100;179349;1;2;2;4
VR;A6;2;153100;179349;2;2;3;4
BDG;A6;2;153100;179349;0;0;4;4
BAU;A6;2;179350;265000;0;0;1;4
VL;A6;2;179350;265000;1;2;2;4
VR;A6;2;179350;265000;2;2;3;4
BDG;A6;2;179350;265000;0;0;4;4
BAU;A6;2;265000;288600;0;0;1;4
VL;A6;2;265000;288600;1;2;2;4
VR;A6;2;265000;288600;2;2;3;4
BDG;A6;2;265000;288600;0;0;4;4
BAU;A6;2;288600;299500;0;0;1;5
VS;A6;2;288600;299500;1;3;2;5
VL;A6;2;288600;299500;2;3;3;5
VR;A6;2;288600;299500;3;3;4;5
BDG;A6;2;288600;299500;0;0;5;5
BAU;A6;2;299500;302800;0;0;1;5
VL;A6;2;299500;302800;1;3;2;5
VM1;A6;2;299500;302800;2;3;3;5
VR;A6;2;299500;302800;3;3;4;5
BDG;A6;2;299500;302800;0;0;5;5
BAU;A6;2;302800;304000;0;0;1;4
VL;A6;2;302800;304000;1;2;2;4
VR;A6;2;302800;304000;2;2;3;4
BDG;A6;2;302800;304000;0;0;4;4
BAU;A6;2;304000;304604;0;0;1;5
VL;A6;2;304000;304604;1;3;2;5
VM1;A6;2;304000;304604;2;3;3;5
VR;A6;2;304000;304604;3;3;4;5
BDG;A6;2;304000;304604;0;0;5;5
BAU;A6;2;304604;305200;0;0;1;7
VL;A6;2;304604;305200;1;5;2;7
VM1;A6;2;304604;305200;2;5;3;7
VM2;A6;2;304604;305200;3;5;4;7
VM3;A6;2;304604;305200;4;5;5;7
VR;A6;2;304604;305200;5;5;6;7
VL;A31;1;28570;39200;1;2;2;4
VR;A31;1;28570;39200;2;2;3;4
EE;A36;1;47500;48000;1;4;2;6
BDG;A6;2;304604;305200;0;0;7;7
BAU;A6;2;305200;306350;0;0;1;6
VL;A6;2;305200;306350;1;4;2;6
VL;A719-13;S1;0;385;1;1;1;1
VL;A105;1;0;9976;1;2;1;2
VR;A105;1;0;9976;2;2;2;2
VL;A105;2;0;10091;1;2;1;2
VR;A105;2;0;10091;2;2;2;2
VL;A105-Est;E1;0;508;1;1;1;1
VL;A105-Est;S2;0;869;1;1;1;1
VL;A105-11;E2;0;370;1;1;1;1
VL;A105-11;S1;0;580;1;1;1;1
VL;A105-12;E2;0;293;1;1;1;1
VL;A105-12;S2;0;383;1;1;1;1
VL;A105-12.a;E1;0;429;1;1;1;1
VL;A105-12.a;S1;0;617;1;1;1;1
VL;A105-12.b;S1;0;478;1;1;1;1
VL;A105-13;E1;0;455;1;1;1;1
VL;A105-13;E2;0;442;1;1;1;1
VL;A105-13;S1;0;325;1;1;1;1
VL;A105-13;S2;0;509;1;1;1;1
VL;A105-14;E1;0;698;1;1;1;1
VL;A105-14;E2;0;474;1;1;1;1
VL;A105-14;S1;0;556;1;1;1;1
VL;A105-14;S2;0;502;1;1;1;1
BAU;A19;1;0;4890;0;0;1;4
VL;A19;1;0;4890;1;2;2;4
VR;A19;1;0;4890;2;2;3;4
BDG;A19;1;0;4890;0;0;4;4
BAU;A19;1;4890;30848;0;0;1;4
VL;A19;1;4890;30848;1;2;2;4
VR;A19;1;4890;30848;2;2;3;4
BDG;A19;1;4890;30848;0;0;4;4
BAU;A19;2;0;4890;0;0;1;4
VL;A19;2;0;4890;1;2;2;4
VR;A19;2;0;4890;2;2;3;4
BDG;A19;2;0;4890;0;0;4;4
BAU;A19;2;4890;30944;0;0;1;4
EE;A31;1;112470;114055;1;3;2;5
VL;A31;1;112470;114055;2;3;3;5
VR;A31;1;112470;114055;3;3;4;5
BDG;A31;1;112470;114055;0;0;5;5
BAU;A31;1;114055;120843;0;0;1;4
VL;A31;1;114055;120843;1;2;2;4
VR;A31;1;114055;120843;2;2;3;4
BDG;A31;1;114055;120843;0;0;4;4
BAU;A31;1;120843;148536;0;0;1;4
VL;A31;1;120843;148536;1;2;2;4
VR;A31;1;120843;148536;2;2;3;4
BDG;A31;1;120843;148536;0;0;4;4
VM1;A6;2;305200;306350;2;4;3;6
VM2;A6;2;305200;306350;3;4;4;6
VR;A6;2;305200;306350;4;4;5;6
BDG;A6;2;305200;306350;0;0;6;6
BAU;A6;2;306350;312000;0;0;1;5
VL;A6;2;306350;312000;1;3;2;5
VM1;A6;2;306350;312000;2;3;3;5
VR;A6;2;306350;312000;3;3;4;5
BDG;A6;2;306350;312000;0;0;5;5
BAU;A6;2;312000;326850;0;0;1;5
VL;A6;2;312000;326850;1;3;2;5
VM1;A6;2;312000;326850;2;3;3;5
VR;A6;2;312000;326850;3;3;4;5
BDG;A6;2;312000;326850;0;0;5;5
BAU;A6;2;326850;335060;0;0;1;5
VL;A6;2;326850;335060;1;3;2;5
VM1;A6;2;326850;335060;2;3;3;5
VR;A6;2;326850;335060;3;3;4;5
BDG;A6;2;326850;335060;0;0;5;5
BAU;A6;2;335060;354900;0;0;1;5
VL;A6;2;335060;354900;1;3;2;5
VM1;A6;2;335060;354900;2;3;3;5
VR;A6;2;335060;354900;3;3;4;5
BDG;A6;2;335060;354900;0;0;5;5
BAU;A6;2;354900;355420;0;0;1;5
VL;A6;2;354900;355420;1;3;2;5
VM1;A6;2;354900;355420;2;3;3;5
VR;A6;2;354900;355420;3;3;4;5
BDG;A6;2;354900;355420;0;0;5;5
BAU;A6;2;355420;367900;0;0;1;5
VL;A6;2;355420;367900;1;3;2;5
VM1;A6;2;355420;367900;2;3;3;5
VR;A6;2;355420;367900;3;3;4;5
BDG;A6;2;355420;367900;0;0;5;5
BAU;A6;2;367900;380300;0;0;1;5
VL;A6;2;367900;380300;1;3;2;5
VM1;A6;2;367900;380300;2;3;3;5
VR;A6;2;367900;380300;3;3;4;5
BDG;A6;2;367900;380300;0;0;5;5
BAU;A6;2;380300;381080;0;0;1;5
VL;A6;2;380300;381080;1;3;2;5
VM1;A6;2;380300;381080;2;3;3;5
VR;A6;2;380300;381080;3;3;4;5
BDG;A6;2;380300;381080;0;0;5;5
BAU;A6;2;381080;402240;0;0;1;5
VL;A6;2;381080;402240;1;3;2;5
VM1;A6;2;381080;402240;2;3;3;5
VR;A6;2;381080;402240;3;3;4;5
BDG;A6;2;381080;402240;0;0;5;5
BAU;A6;2;402240;421000;0;0;1;5
VL;A6;2;402240;421000;1;3;2;5
VM1;A6;2;402240;421000;2;3;3;5
VR;A6;2;402240;421000;3;3;4;5
BDG;A6;2;402240;421000;0;0;5;5
BAU;A6;2;421000;426400;0;0;1;5
VL;A6;2;421000;426400;1;3;2;5
VM1;A6;2;421000;426400;2;3;3;5
VR;A6;2;421000;426400;3;3;4;5
BDG;A6;2;421000;426400;0;0;5;5
VL;A5;1;185347;208012;1;2;2;4
VR;A5;1;185347;208012;2;2;3;4
BDG;A5;1;185347;208012;0;0;4;4
BAU;A5;1;208012;227168;0;0;1;4
VL;A5;1;208012;227168;1;2;2;4
VR;A5;1;208012;227168;2;2;3;4
BDG;A5;1;208012;227168;0;0;4;4
VL;A5;2;0;1310;1;3;1;3
VM1;A5;2;0;1310;2;3;2;3
VR;A5;2;0;1310;3;3;3;3
BPV;A5;2;1310;1650;1;1;1;1
VL;A5;2;1650;6420;1;3;1;3
VM1;A5;2;1650;6420;2;3;2;3
VR;A5;2;1650;6420;3;3;3;3
VL;A5;2;6420;39500;1;3;1;3
VM1;A5;2;6420;39500;2;3;2;3
VR;A5;2;6420;39500;3;3;3;3
VL;A5;2;39500;87360;1;2;1;2
VR;A5;2;39500;87360;2;2;2;2
BAU;A5;2;87360;131052;0;0;1;4
VL;A5;2;87360;131052;1;2;2;4
VR;A5;2;87360;131052;2;2;3;4
BDG;A5;2;87360;131052;0;0;4;4
BAU;A5;2;131052;131200;0;0;1;4
VL;A5;2;131052;131200;1;2;2;4
VR;A5;2;131052;131200;2;2;3;4
BDG;A5;2;131052;131200;0;0;4;4
BAU;A5;2;131200;156721;0;0;1;4
VL;A5;2;131200;156721;1;2;2;4
VR;A5;2;131200;156721;2;2;3;4
BDG;A5;2;131200;156721;0;0;4;4
BAU;A5;2;156721;172019;0;0;1;4
VL;A5;2;156721;172019;1;2;2;4
VR;A5;2;156721;172019;2;2;3;4
BDG;A5;2;156721;172019;0;0;4;4
BAU;A5;2;172019;174229;0;0;1;5
VL;A5;2;172019;174229;1;3;2;5
VM1;A5;2;172019;174229;2;3;3;5
VR;A5;2;172019;174229;3;3;4;5
BDG;A5;2;172019;174229;0;0;5;5
BAU;A5;2;174229;182159;0;0;1;4
VL;A5;2;174229;182159;1;2;2;4
VR;A5;2;174229;182159;2;2;3;4
BDG;A5;2;174229;182159;0;0;4;4
BAU;A5;2;182159;185347;0;0;1;5
VL;A5;2;182159;185347;1;3;2;5
VM1;A5;2;182159;185347;2;3;3;5
VR;A5;2;182159;185347;3;3;4;5
BDG;A5;2;182159;185347;0;0;5;5
BAU;A5;2;185347;191707;0;0;1;4
VL;A5;2;185347;191707;1;2;2;4
VR;A5;2;185347;191707;2;2;3;4
BDG;A5;2;185347;191707;0;0;4;4
BAU;A5;2;191707;193267;0;0;1;5
VL;A5;2;191707;193267;1;3;2;5
VM1;A5;2;191707;193267;2;3;3;5
VR;A5;2;191707;193267;3;3;4;5
BDG;A5;2;191707;193267;0;0;5;5
BAU;A5;2;193267;208012;0;0;1;4
VL;A5;2;193267;208012;1;2;2;4
VR;A5;2;193267;208012;2;2;3;4
BDG;A5;2;193267;208012;0;0;4;4
VL;A5;2;208012;227682;1;2;2;4
VR;A5;2;208012;227682;2;2;3;4
BDG;A5;2;208012;227682;0;0;4;4
COL;A5A;1;0;672;1;4;1;4
VL;A5A;1;0;672;2;4;2;4
VM1;A5A;1;0;672;3;4;3;4
VR;A5A;1;0;672;4;4;4;4
VL;A5A;1;672;9476;1;3;1;3
VM1;A5A;1;672;9476;2;3;2;3
VR;A5A;1;672;9476;3;3;3;3
COL;A5A;2;0;1355;1;4;1;4
VL;A5A;2;0;1355;2;4;2;4
VM1;A5A;2;0;1355;3;4;3;4
VR;A5A;2;0;1355;4;4;4;4
VL;A5A;2;1355;9422;1;3;1;3
VM1;A5A;2;1355;9422;2;3;2;3
VR;A5A;2;1355;9422;3;3;3;3
VL;A5A-N104;E1;0;862;1;1;1;1
VL;A5A-N104;S2;0;1404;1;1;1;1
VL;A5-A10;E1;0;1855;1;1;1;1
VL;A5-A10;S2;0;844;1;1;1;1
VL;A5A-10.a;E2;0;580;1;1;1;1
VL;A5A-10.a;S1;0;479;1;1;1;1
VL;A5A-10.b;E1;0;465;1;1;1;1
VL;A5A-10.b;E2;0;256;1;1;1;1
VL;A5A-10.b;S1;0;488;1;1;1;1
VL;A5A-10.b;S2;0;258;1;1;1;1
VL;A5A-10.c;E1;0;267;1;1;1;1
VL;A5A-10.c;E2;0;468;1;1;1;1
VL;A5A-10.c;S1;0;274;1;1;1;1
VL;A5A-10.c;S2;0;847;1;1;1;1
VL;A5A-11;E2;0;410;1;1;1;1
VL;A5A-11;S1;0;783;1;1;1;1
VL;A5A-12;E2;0;769;1;1;1;1
VL;A5A-12;S1;0;731;1;1;1;1
VL;A5A-13;E1;0;470;1;1;1;1
VL;A5A-13;S2;0;163;1;1;1;1
VL;A5-A19;E1;0;958;1;1;1;1
VL;A5-A19;S2;0;1935;1;1;1;1
VL;A5-A26;E2;0;917;1;1;1;1
VL;A5-A26;S2;0;876;1;1;1;1
VL;A5-A31;E2;0;844;1;1;1;1
VL;A5-A31;S2;0;2592;1;1;1;1
BAU;A6;1;43940;49225;0;0;1;5
VL;A6;1;43940;49225;1;3;2;5
VR;A6;1;43940;49225;2;3;3;5
EI;A6;1;43940;49225;3;3;4;5
BDG;A6;1;43940;49225;0;0;5;5
BAU;A6;1;51010;55580;0;0;1;5
VL;A6;1;51010;55580;1;3;2;5
VR;A6;1;51010;55580;2;3;3;5
EI;A6;1;51010;55580;3;3;4;5
BDG;A6;1;51010;55580;0;0;5;5
BAU;A6;1;55580;55690;0;0;1;5
VL;A6;1;55580;55690;1;3;2;5
VR;A6;1;55580;55690;2;3;3;5
EI;A6;1;55580;55690;3;3;4;5
BDG;A6;1;55580;55690;0;0;5;5
BAU;A6;1;55690;55850;0;0;1;5
VL;A6;1;55690;55850;1;3;2;5
VR;A6;1;55690;55850;2;3;3;5
EI;A6;1;55690;55850;3;3;4;5
BDG;A6;1;55690;55850;0;0;5;5
BAU;A6;1;55850;55910;0;0;1;5
VL;A6;1;55850;55910;1;3;2;5
VR;A6;1;55850;55910;2;3;3;5
EI;A6;1;55850;55910;3;3;4;5
BDG;A6;1;55850;55910;0;0;5;5
BAU;A6;1;55910;70500;0;0;1;5
VL;A6;1;55910;70500;1;3;2;5
VR;A6;1;55910;70500;2;3;3;5
EI;A6;1;55910;70500;3;3;4;5
BDG;A6;1;55910;70500;0;0;5;5
BAU;A6;1;70500;70700;0;0;1;5
VL;A6;1;70500;70700;1;3;2;5
VR;A6;1;70500;70700;2;3;3;5
EI;A6;1;70500;70700;3;3;4;5
BDG;A6;1;70500;70700;0;0;5;5
BAU;A6;1;70700;81450;0;0;1;5
VL;A6;1;70700;81450;1;3;2;5
VR;A6;1;70700;81450;2;3;3;5
EI;A6;1;70700;81450;3;3;4;5
BDG;A6;1;70700;81450;0;0;5;5
BAU;A6;1;81450;110000;0;0;1;4
VL;A6;1;81450;110000;1;2;2;4
VR;A6;1;81450;110000;2;2;3;4
BDG;A6;1;81450;110000;0;0;4;4
BAU;A6;1;110000;133000;0;0;1;5
VL;A6;1;110000;133000;1;3;2;5
VR;A6;1;110000;133000;2;3;3;5
EI;A6;1;110000;133000;3;3;4;5
BDG;A6;1;110000;133000;0;0;5;5
BAU;A6;1;133000;153100;0;0;1;5
VL;A6;1;133000;153100;1;3;2;5
VR;A6;1;133000;153100;2;3;3;5
EI;A6;1;133000;153100;3;3;4;5
BDG;A6;1;133000;153100;0;0;5;5
BAU;A6;1;153100;153580;0;0;1;4
VL;A6;1;153100;153580;1;2;2;4
VR;A6;1;153100;153580;2;2;3;4
BDG;A6;1;153100;153580;0;0;4;4
BAU;A6;1;153580;154220;0;0;1;5
EE;A6;1;153580;154220;1;3;2;5
VL;A6;1;153580;154220;2;3;3;5
VR;A6;1;153580;154220;3;3;4;5
BDG;A6;1;153580;154220;0;0;5;5
BAU;A6;1;154220;154320;0;0;1;5
EE;A6;1;154220;154320;1;3;2;5
VL;A6;1;154220;154320;2;3;3;5
VR;A6;1;154220;154320;3;3;4;5
BDG;A6;1;154220;154320;0;0;5;5
BAU;A6;1;154320;156050;0;0;1;5
EE;A6;1;154320;156050;1;3;2;5
VL;A6;1;154320;156050;2;3;3;5
VR;A6;1;154320;156050;3;3;4;5
BDG;A6;1;154320;156050;0;0;5;5
BAU;A6;1;156050;157590;0;0;1;5
VS;A6;1;156050;157590;1;3;2;5
VL;A6;1;156050;157590;2;3;3;5
VR;A6;1;156050;157590;3;3;4;5
BDG;A6;1;156050;157590;0;0;5;5
BAU;A6;1;157590;165880;0;0;1;4
VL;A6;1;157590;165880;1;2;2;4
VR;A6;1;157590;165880;2;2;3;4
BDG;A6;1;157590;165880;0;0;4;4
BAU;A6;1;165880;167000;0;0;1;5
VS;A6;1;165880;167000;1;3;2;5
VL;A6;1;165880;167000;2;3;3;5
VR;A6;1;165880;167000;3;3;4;5
BDG;A6;1;165880;167000;0;0;5;5
BAU;A6;1;167000;179349;0;0;1;4
VL;A6;1;167000;179349;1;2;2;4
VR;A6;1;167000;179349;2;2;3;4
BDG;A6;1;167000;179349;0;0;4;4
BAU;A6;1;179350;265000;0;0;1;4
VL;A6;1;179350;265000;1;2;2;4
VR;A6;1;179350;265000;2;2;3;4
BDG;A6;1;179350;265000;0;0;4;4
BAU;A6;1;265000;281605;0;0;1;4
VL;A6;1;265000;281605;1;2;2;4
VR;A6;1;265000;281605;2;2;3;4
BDG;A6;1;265000;281605;0;0;4;4
BAU;A6;1;281605;285105;0;0;1;5
VS;A6;1;281605;285105;1;3;2;5
VL;A6;1;281605;285105;2;3;3;5
VR;A6;1;281605;285105;3;3;4;5
BDG;A6;1;281605;285105;0;0;5;5
BAU;A6;1;285105;286800;0;0;1;5
VS;A6;1;285105;286800;1;3;2;5
BAU;A6;2;426400;426800;0;0;1;5
VL;A6;2;426400;426800;1;3;2;5
VM1;A6;2;426400;426800;2;3;3;5
VR;A6;2;426400;426800;3;3;4;5
BDG;A6;2;426400;426800;0;0;5;5
VL;A6;2;426800;427600;1;1;1;1
BAU;A6;2;427600;432350;0;0;1;5
VL;A6;2;427600;432350;1;3;2;5
VM1;A6;2;427600;432350;2;3;3;5
VR;A6;2;427600;432350;3;3;4;5
BDG;A6;2;427600;432350;0;0;5;5
BAU;A6;2;432350;433000;0;0;1;4
VL;A6;2;432350;433000;1;2;2;4
VR;A6;2;432350;433000;2;2;3;4
BDG;A6;2;432350;433000;0;0;4;4
BAU;A6;2;433000;445005;0;0;1;4
VL;A6;2;433000;445005;1;2;2;4
VR;A6;2;433000;445005;2;2;3;4
BDG;A6;2;433000;445005;0;0;4;4
VL;A6-A19;S1;0;1437;1;1;1;1
VL;A6-A19;S2;0;2794;1;1;1;1
VL;A19;2;4890;30944;1;2;2;4
VR;A19;2;4890;30944;2;2;3;4
BDG;A19;2;4890;30944;0;0;4;4
VL;A19-A77;E1;0;358;1;1;1;1
VL;A19-A77;E2;0;372;1;1;1;1
VL;A19-A77;S1;0;329;1;1;1;1
VL;A19-A77;S2;0;410;1;1;1;1
VL;A19-1;E1;0;820;1;1;1;1
VL;A19-1;E2;0;689;1;1;1;1
VL;A19-1;S1;0;755;1;1;1;1
VL;A19-1;S2;0;633;1;1;1;1
VL;A19-2;E1;0;877;1;1;1;1
VL;A19-2;E2;0;689;1;1;1;1
VL;A19-2;S1;0;1064;1;1;1;1
BAU;A26;1;372700;394635;0;0;1;4
VL;A26;1;372700;394635;1;2;2;4
VR;A26;1;372700;394635;2;2;3;4
BDG;A26;1;372700;394635;0;0;4;4
BAU;A26;2;372700;393968;0;0;1;4
VL;A26;2;372700;393968;1;2;2;4
VR;A26;2;372700;393968;2;2;3;4
BDG;A26;2;372700;393968;0;0;4;4
VL;A26-22;E1;0;810;1;1;1;1
VL;A26-22;E2;0;1214;1;1;1;1
VL;A26-22;S1;0;1021;1;1;1;1
VL;A26-22;S2;0;1407;1;1;1;1
VL;A26-23;E1;0;823;1;1;1;1
VL;A26-23;E2;0;819;1;1;1;1
VL;A26-23;S1;0;891;1;1;1;1
BDG;A31;1;28570;39200;0;0;4;4
BAU;A31;1;39200;40670;0;0;1;5
EE;A31;1;39200;40670;1;3;2;5
VL;A31;1;39200;40670;2;3;3;5
VR;A31;1;39200;40670;3;3;4;5
BDG;A31;1;39200;40670;0;0;5;5
BAU;A31;1;40670;69000;0;0;1;5
EE;A31;1;40670;69000;1;3;2;5
VL;A31;1;40670;69000;2;3;3;5
VR;A31;1;40670;69000;3;3;4;5
BDG;A31;1;40670;69000;0;0;5;5
BAU;A31;1;69000;69800;0;0;1;5
EE;A31;1;69000;69800;1;3;2;5
VL;A31;1;69000;69800;2;3;3;5
VR;A31;1;69000;69800;3;3;4;5
BDG;A31;1;69000;69800;0;0;5;5
BAU;A31;1;69800;74420;0;0;1;5
EE;A31;1;69800;74420;1;3;2;5
VL;A31;1;69800;74420;2;3;3;5
VR;A31;1;69800;74420;3;3;4;5
BDG;A31;1;69800;74420;0;0;5;5
BAU;A31;1;74420;74445;0;0;1;4
VL;A31;1;74420;74445;1;2;2;4
VR;A31;1;74420;74445;2;2;3;4
BDG;A31;1;74420;74445;0;0;4;4
BAU;A31;1;74445;77730;0;0;1;5
EE;A31;1;74445;77730;1;3;2;5
VL;A31;1;74445;77730;2;3;3;5
VR;A31;1;74445;77730;3;3;4;5
BDG;A31;1;74445;77730;0;0;5;5
BAU;A31;1;77730;77770;0;0;1;6
VS;A31;1;77730;77770;1;4;2;6
EE;A31;1;77730;77770;2;4;3;6
VL;A31;1;77730;77770;3;4;4;6
VR;A31;1;77730;77770;4;4;5;6
BDG;A31;1;77730;77770;0;0;6;6
BAU;A31;1;77770;79940;0;0;1;5
VS;A31;1;77770;79940;1;3;2;5
VL;A31;1;77770;79940;2;3;3;5
VR;A31;1;77770;79940;3;3;4;5
BDG;A31;1;77770;79940;0;0;5;5
BAU;A31;1;79940;80220;0;0;1;6
VS;A31;1;79940;80220;1;4;2;6
EE;A31;1;79940;80220;2;4;3;6
VL;A31;1;79940;80220;3;4;4;6
VR;A31;1;79940;80220;4;4;5;6
BDG;A31;1;79940;80220;0;0;6;6
BAU;A31;1;80220;83250;0;0;1;5
EE;A31;1;80220;83250;1;3;2;5
VL;A31;1;80220;83250;2;3;3;5
VR;A31;1;80220;83250;3;3;4;5
BDG;A31;1;80220;83250;0;0;5;5
BAU;A31;1;83250;86500;0;0;1;5
EE;A31;1;83250;86500;1;3;2;5
VL;A31;1;83250;86500;2;3;3;5
VR;A31;1;83250;86500;3;3;4;5
BDG;A31;1;83250;86500;0;0;5;5
BAU;A31;1;86500;88200;0;0;1;5
EE;A31;1;86500;88200;1;3;2;5
VL;A31;1;86500;88200;2;3;3;5
VR;A31;1;86500;88200;3;3;4;5
BDG;A31;1;86500;88200;0;0;5;5
BAU;A31;1;88200;91200;0;0;1;5
EE;A31;1;88200;91200;1;3;2;5
VL;A31;1;88200;91200;2;3;3;5
VR;A31;1;88200;91200;3;3;4;5
BDG;A31;1;88200;91200;0;0;5;5
BAU;A31;1;91200;99700;0;0;1;5
EE;A31;1;91200;99700;1;3;2;5
VL;A31;1;91200;99700;2;3;3;5
VR;A31;1;91200;99700;3;3;4;5
BDG;A31;1;91200;99700;0;0;5;5
BAU;A31;1;99700;100800;0;0;1;5
EE;A31;1;99700;100800;1;3;2;5
VL;A31;1;99700;100800;2;3;3;5
VR;A31;1;99700;100800;3;3;4;5
BDG;A31;1;99700;100800;0;0;5;5
BAU;A31;1;100800;112470;0;0;1;5
EE;A31;1;100800;112470;1;3;2;5
VL;A31;1;100800;112470;2;3;3;5
VR;A31;1;100800;112470;3;3;4;5
BDG;A31;1;100800;112470;0;0;5;5
BAU;A31;1;112470;114055;0;0;1;5
VL;A6-A31;E2;0;1155;1;1;1;1
BAU;A31;1;148536;225210;0;0;1;4
VL;A31;1;148536;225210;1;2;2;4
VR;A31;1;148536;225210;2;2;3;4
BDG;A31;1;148536;225210;0;0;4;4
BAU;A31;1;225910;228481;0;0;1;4
VL;A31;1;225910;228481;1;2;2;4
VR;A31;1;225910;228481;2;2;3;4
BDG;A31;1;225910;228481;0;0;4;4
BAU;A31;2;0;1300;0;0;1;5
VL;A31;2;0;1300;1;3;2;5
VM1;A31;2;0;1300;2;3;3;5
VR;A31;2;0;1300;3;3;4;5
BDG;A31;2;0;1300;0;0;5;5
BAU;A31;2;1300;4780;0;0;1;5
VL;A31;2;1300;4780;1;3;2;5
VM1;A31;2;1300;4780;2;3;3;5
VR;A31;2;1300;4780;3;3;4;5
BDG;A31;2;1300;4780;0;0;5;5
BAU;A31;2;4780;5200;0;0;1;4
VL;A31;2;4780;5200;1;2;2;4
VR;A31;2;4780;5200;2;2;3;4
BDG;A31;2;4780;5200;0;0;4;4
BAU;A31;2;5200;15000;0;0;1;5
EE;A31;2;5200;15000;1;3;2;5
VL;A31;2;5200;15000;2;3;3;5
VR;A31;2;5200;15000;3;3;4;5
BDG;A31;2;5200;15000;0;0;5;5
BAU;A31;2;15000;17030;0;0;1;5
EE;A31;2;15000;17030;1;3;2;5
VL;A31;2;15000;17030;2;3;3;5
VR;A31;2;15000;17030;3;3;4;5
BDG;A31;2;15000;17030;0;0;5;5
BAU;A31;2;17030;27300;0;0;1;5
EE;A31;2;17030;27300;1;3;2;5
VL;A31;2;17030;27300;2;3;3;5
VR;A31;2;17030;27300;3;3;4;5
BDG;A31;2;17030;27300;0;0;5;5
BAU;A31;2;27300;28000;0;0;1;5
EE;A31;2;27300;28000;1;3;2;5
VL;A31;2;27300;28000;2;3;3;5
VR;A31;2;27300;28000;3;3;4;5
BDG;A31;2;27300;28000;0;0;5;5
BAU;A31;2;28000;39200;0;0;1;4
VL;A31;2;28000;39200;1;2;2;4
VR;A31;2;28000;39200;2;2;3;4
BDG;A31;2;28000;39200;0;0;4;4
BAU;A31;2;39200;40670;0;0;1;5
EE;A31;2;39200;40670;1;3;2;5
VL;A31;2;39200;40670;2;3;3;5
VR;A31;2;39200;40670;3;3;4;5
BDG;A31;2;39200;40670;0;0;5;5
BAU;A31;2;40670;62300;0;0;1;5
EE;A31;2;40670;62300;1;3;2;5
VL;A31;2;40670;62300;2;3;3;5
VR;A31;2;40670;62300;3;3;4;5
BDG;A31;2;40670;62300;0;0;5;5
BAU;A31;2;62300;62340;0;0;1;4
VL;A31;2;62300;62340;1;2;2;4
VR;A31;2;62300;62340;2;2;3;4
BDG;A31;2;62300;62340;0;0;4;4
BAU;A31;2;62340;69800;0;0;1;5
EE;A31;2;62340;69800;1;3;2;5
VL;A31;2;62340;69800;2;3;3;5
VR;A31;2;62340;69800;3;3;4;5
BDG;A31;2;62340;69800;0;0;5;5
BAU;A31;2;69800;69820;0;0;1;5
EE;A31;2;69800;69820;1;3;2;5
VL;A31;2;69800;69820;2;3;3;5
VR;A31;2;69800;69820;3;3;4;5
BDG;A31;2;69800;69820;0;0;5;5
BAU;A31;2;69820;74800;0;0;1;5
EE;A31;2;69820;74800;1;3;2;5
VL;A31;2;69820;74800;2;3;3;5
VR;A31;2;69820;74800;3;3;4;5
BDG;A31;2;69820;74800;0;0;5;5
BAU;A31;2;74800;86500;0;0;1;5
BDG;A6;1;428100;429900;0;0;5;5
BAU;A6;1;429900;431460;0;0;1;6
VL;A6;1;429900;431460;1;4;2;6
VM1;A6;1;429900;431460;2;4;3;6
VM2;A6;1;429900;431460;3;4;4;6
VR;A6;1;429900;431460;4;4;5;6
BDG;A6;1;429900;431460;0;0;6;6
BAU;A6;1;431460;433000;0;0;1;5
VL;A6;1;431460;433000;1;3;2;5
VM1;A6;1;431460;433000;2;3;3;5
VR;A6;1;431460;433000;3;3;4;5
BDG;A6;1;431460;433000;0;0;5;5
BAU;A6;1;433000;434100;0;0;1;5
VL;A6;1;433000;434100;1;3;2;5
VM1;A6;1;433000;434100;2;3;3;5
VR;A6;1;433000;434100;3;3;4;5
BDG;A6;1;433000;434100;0;0;5;5
BAU;A6;1;434100;440500;0;0;1;4
VL;A6;1;434100;440500;1;2;2;4
VR;A6;1;434100;440500;2;2;3;4
BDG;A6;1;434100;440500;0;0;4;4
BAU;A6;1;440500;443500;0;0;1;5
VL;A6;1;440500;443500;1;3;2;5
VM1;A6;1;440500;443500;2;3;3;5
VR;A6;1;440500;443500;3;3;4;5
BDG;A6;1;440500;443500;0;0;5;5
BAU;A6;1;443500;444750;0;0;1;5
VL;A6;1;443500;444750;1;3;2;5
VM1;A6;1;443500;444750;2;3;3;5
VR;A6;1;443500;444750;3;3;4;5
BDG;A6;1;443500;444750;0;0;5;5
BAU;A6;2;43940;49225;0;0;1;5
VL;A6;2;43940;49225;1;3;2;5
VM1;A6;2;43940;49225;2;3;3;5
VR;A6;2;43940;49225;3;3;4;5
BDG;A6;2;43940;49225;0;0;5;5
BAU;A6;2;51010;55580;0;0;1;5
VL;A6;2;51010;55580;1;3;2;5
VM1;A6;2;51010;55580;2;3;3;5
VR;A6;2;51010;55580;3;3;4;5
BDG;A6;2;51010;55580;0;0;5;5
BAU;A6;2;55580;55690;0;0;1;5
VL;A6;2;55580;55690;1;3;2;5
VM1;A6;2;55580;55690;2;3;3;5
VR;A6;2;55580;55690;3;3;4;5
BDG;A6;2;55580;55690;0;0;5;5
BAU;A6;2;55690;55850;0;0;1;5
VL;A6;2;55690;55850;1;3;2;5
VM1;A6;2;55690;55850;2;3;3;5
VR;A6;2;55690;55850;3;3;4;5
BDG;A6;2;55690;55850;0;0;5;5
BAU;A6;2;55850;55910;0;0;1;5
VL;A6;2;55850;55910;1;3;2;5
VM1;A6;2;55850;55910;2;3;3;5
VR;A6;2;55850;55910;3;3;4;5
BDG;A6;2;55850;55910;0;0;5;5
BAU;A6;2;55910;64900;0;0;1;5
VL;A6;2;55910;64900;1;3;2;5
VM1;A6;2;55910;64900;2;3;3;5
VR;A6;2;55910;64900;3;3;4;5
BDG;A6;2;55910;64900;0;0;5;5
BAU;A6;2;64900;66500;0;0;1;5
VL;A6;2;64900;66500;1;3;2;5
VM1;A6;2;64900;66500;2;3;3;5
VR;A6;2;64900;66500;3;3;4;5
BDG;A6;2;64900;66500;0;0;5;5
BAU;A6;2;66500;70500;0;0;1;5
VL;A6;2;66500;70500;1;3;2;5
VM1;A6;2;66500;70500;2;3;3;5
VR;A6;2;66500;70500;3;3;4;5
BDG;A6;2;66500;70500;0;0;5;5
BAU;A6;2;70500;70700;0;0;1;5
VL;A6;2;70500;70700;1;3;2;5
VM1;A6;2;70500;70700;2;3;3;5
VR;A6;2;70500;70700;3;3;4;5
BDG;A6;2;70500;70700;0;0;5;5
BAU;A6;2;70700;79700;0;0;1;5
VL;A6;2;70700;79700;1;3;2;5
VM1;A6;2;70700;79700;2;3;3;5
VR;A6;2;70700;79700;3;3;4;5
BDG;A6;2;70700;79700;0;0;5;5
BAU;A6;2;79700;109770;0;0;1;4
VL;A6;2;79700;109770;1;2;2;4
VR;A6;2;79700;109770;2;2;3;4
BDG;A6;2;79700;109770;0;0;4;4
BAU;A6;2;109770;125200;0;0;1;5
VL;A6;2;109770;125200;1;3;2;5
VM1;A6;2;109770;125200;2;3;3;5
VR;A6;2;109770;125200;3;3;4;5
BDG;A6;2;109770;125200;0;0;5;5
BAU;A6;2;125200;126400;0;0;1;5
VL;A6;2;125200;126400;1;3;2;5
VM1;A6;2;125200;126400;2;3;3;5
VL;A71-13;S1;0;550;1;1;1;1
VL;A71-13;S2;0;1476;1;1;1;1
VL;A71-16;E1;0;383;1;1;1;1
VL;A71-16;E2;0;410;1;1;1;1
VL;A71-16;S1;0;302;1;1;1;1
VL;A71-16;S2;0;300;1;1;1;1
BAU;A714;1;0;10462;0;0;1;4
VL;A714;1;0;10462;1;2;2;4
VR;A714;1;0;10462;2;2;3;4
BDG;A714;1;0;10462;0;0;4;4
BAU;A714;2;0;10092;0;0;1;4
VL;A714;2;0;10092;1;2;2;4
VR;A714;2;0;10092;2;2;3;4
BDG;A714;2;0;10092;0;0;4;4
VL;A714-35;E1;0;58;1;1;1;1
VL;A714-35;E2;0;374;1;1;1;1
VL;A714-35;S1;0;420;1;1;1;1
VL;A714-35;S2;0;65;1;1;1;1
VL;A714-36;E1;0;428;1;1;1;1
VL;A714-36;E2;0;462;1;1;1;1
VL;A714-36;S1;0;468;1;1;1;1
VL;A714-36;S2;0;494;1;1;1;1
VL;A71-7;E1;0;1000;1;1;1;1
VL;A71-7;E2;0;560;1;1;1;1
VL;A71-7;S1;0;769;1;1;1;1
VL;A71-7;S2;0;609;1;1;1;1
VL;A71-8;E1;0;1044;1;1;1;1
VL;A71-8;E2;0;476;1;1;1;1
VL;A71-8;S1;0;994;1;1;1;1
VL;A71-8;S2;0;351;1;1;1;1
VL;A71-9;E1;0;428;1;1;1;1
VL;A71-9;E2;0;836;1;1;1;1
VL;A71-9;S1;0;397;1;1;1;1
VL;A71-9;S2;0;1034;1;1;1;1
BAU;A719;1;-30;2469;0;0;1;4
VL;A719;1;-30;2469;1;2;2;4
VR;A719;1;-30;2469;2;2;3;4
BDG;A719;1;-30;2469;0;0;4;4
VL;A719;1;2469;8200;1;2;1;2
VR;A719;1;2469;8200;2;2;2;2
VL;A719;1;8200;8707;1;1;1;1
BAU;A719;2;970;2469;0;0;1;4
VL;A719;2;970;2469;1;2;2;4
VR;A719;2;970;2469;2;2;3;4
BDG;A719;2;970;2469;0;0;4;4
VL;A719;2;2469;8200;1;2;1;2
VR;A719;2;2469;8200;2;2;2;2
VR;A6;2;125200;126400;3;3;4;5
BDG;A6;2;125200;126400;0;0;5;5
BAU;A6;2;126400;133450;0;0;1;5
VL;A6;2;126400;133450;1;3;2;5
VM1;A6;2;126400;133450;2;3;3;5
VL;A719;2;8200;9730;1;1;1;1
VL;A719-13;E2;0;147;1;1;1;1
VL;A77-21;E1;0;325;1;1;1;1
VL;A77-21;E2;0;364;1;1;1;1
VL;A77-21;S1;0;384;1;1;1;1
VL;A77-21;S2;0;422;1;1;1;1
VL;A77-22;E1;0;327;1;1;1;1
VL;A77-22;E2;0;317;1;1;1;1
VL;A77-22;S1;0;348;1;1;1;1
VL;A77-22;S2;0;328;1;1;1;1
VL;A77-22.1;E2;0;307;1;1;1;1
VL;A77-22.1;S1;0;283;1;1;1;1
VL;A26-23;S2;0;858;1;1;1;1
BAU;A31;1;0;1300;0;0;1;5
VL;A31;1;0;1300;1;3;2;5
VM1;A31;1;0;1300;2;3;3;5
VR;A31;1;0;1300;3;3;4;5
BDG;A31;1;0;1300;0;0;5;5
BAU;A31;1;1300;4400;0;0;1;5
VL;A31;1;1300;4400;1;3;2;5
VM1;A31;1;1300;4400;2;3;3;5
VR;A31;1;1300;4400;3;3;4;5
BDG;A31;1;1300;4400;0;0;5;5
BAU;A31;1;4400;5450;0;0;1;4
VL;A31;1;4400;5450;1;2;2;4
VR;A31;1;4400;5450;2;2;3;4
BDG;A31;1;4400;5450;0;0;4;4
BAU;A31;1;5450;15000;0;0;1;5
EE;A31;1;5450;15000;1;3;2;5
VL;A31;1;5450;15000;2;3;3;5
VR;A31;1;5450;15000;3;3;4;5
BDG;A31;1;5450;15000;0;0;5;5
BAU;A31;1;15000;17100;0;0;1;5
EE;A31;1;15000;17100;1;3;2;5
VL;A31;1;15000;17100;2;3;3;5
VR;A31;1;15000;17100;3;3;4;5
BDG;A31;1;15000;17100;0;0;5;5
BAU;A31;1;17100;27300;0;0;1;5
EE;A31;1;17100;27300;1;3;2;5
VL;A31;1;17100;27300;2;3;3;5
VR;A31;1;17100;27300;3;3;4;5
BDG;A31;1;17100;27300;0;0;5;5
BAU;A31;1;27300;28570;0;0;1;5
EE;A31;1;27300;28570;1;3;2;5
VL;A31;1;27300;28570;2;3;3;5
VR;A31;1;27300;28570;3;3;4;5
BDG;A31;1;27300;28570;0;0;5;5
BAU;A31;1;28570;39200;0;0;1;4
VL;A31-6;S2;0;843;1;1;1;1
VL;A31-7;E1;0;732;1;1;1;1
VL;A31-7;E2;0;1113;1;1;1;1
VL;A31-7;S1;0;1559;1;1;1;1
VL;A31-7;S2;0;491;1;1;1;1
VL;A31-8;E1;0;1088;1;1;1;1
VL;A31-8;E2;0;334;1;1;1;1
VL;A31-8;S1;0;1247;1;1;1;1
VL;A31-8;S2;0;440;1;1;1;1
VL;A31-8.1;E1;0;738;1;1;1;1
VL;A31-8.1;E2;0;685;1;1;1;1
VL;A31-8.1;S1;0;502;1;1;1;1
VL;A31-8.1;S2;0;673;1;1;1;1
VL;A31-9;E1;0;480;1;1;1;1
VL;A31-9;E2;0;811;1;1;1;1
VL;A31-9;S1;0;628;1;1;1;1
VL;A31-9;S2;0;850;1;1;1;1
BAU;A36;1;0;24000;0;0;1;4
VL;A36;1;0;24000;1;2;2;4
VR;A36;1;0;24000;2;2;3;4
BDG;A36;1;0;24000;0;0;4;4
VM1;A46;2;22696;23660;2;3;2;4
VR;A46;2;22696;23660;3;3;3;4
BDG;A46;2;22696;23660;0;0;4;4
BAU;A46;2;23660;25675;0;0;1;5
VL;A46;2;23660;25675;1;3;2;5
VM1;A46;2;23660;25675;2;3;3;5
VR;A46;2;23660;25675;3;3;4;5
BDG;A46;2;23660;25675;0;0;5;5
VL;A46-1;E2;0;340;1;1;1;1
VL;A46-1;S1;0;335;1;1;1;1
VL;A46-2;E1;0;948;1;1;1;1
VL;A46-2;E2;0;558;1;1;1;1
VL;A46-2;S1;0;661;1;1;1;1
VL;A46-2;S2;0;1206;1;1;1;1
VL;A46-2.1;E1;0;938;1;1;1;1
VL;A46-2.1;S2;0;437;1;1;1;1
VL;A46-3;E1;0;499;1;1;1;1
VL;A46-3;E2;0;320;1;1;1;1
VL;A46-3;S1;0;498;1;1;1;1
VL;A46-3;S2;0;760;1;1;1;1
VL;A46-4;E1;0;628;1;1;1;1
VL;A46-4;E2;0;247;1;1;1;1
VL;A46-4;S1;0;363;1;1;1;1
VL;A46-4;S2;0;349;1;1;1;1
VL;A5;1;0;1310;1;3;1;3
VM1;A5;1;0;1310;2;3;2;3
VR;A5;1;0;1310;3;3;3;3
BPV;A5;1;1310;1650;1;1;1;1
VL;A5;1;1650;6420;1;3;1;3
VM1;A5;1;1650;6420;2;3;2;3
VR;A5;1;1650;6420;3;3;3;3
VL;A5;1;6420;39500;1;3;1;3
VM1;A5;1;6420;39500;2;3;2;3
VR;A5;1;6420;39500;3;3;3;3
VL;A5;1;39500;63870;1;2;1;2
VR;A5;1;39500;63870;2;2;2;2
VL;A5;1;63870;87360;1;2;1;2
VR;A5;1;63870;87360;2;2;2;2
BAU;A5;1;87360;131052;0;0;1;4
VL;A5;1;87360;131052;1;2;2;4
VR;A5;1;87360;131052;2;2;3;4
BDG;A5;1;87360;131052;0;0;4;4
BAU;A5;1;131052;131200;0;0;1;4
VL;A5;1;131052;131200;1;2;2;4
VR;A5;1;131052;131200;2;2;3;4
BDG;A5;1;131052;131200;0;0;4;4
BAU;A5;1;131200;181049;0;0;1;4
VL;A5;1;131200;181049;1;2;2;4
VR;A5;1;131200;181049;2;2;3;4
BDG;A5;1;131200;181049;0;0;4;4
BAU;A5;1;181049;182579;0;0;1;5
VL;A5;1;181049;182579;1;3;2;5
VM1;A5;1;181049;182579;2;3;3;5
VR;A5;1;181049;182579;3;3;4;5
BDG;A5;1;181049;182579;0;0;5;5
BAU;A5;1;182579;185347;0;0;1;4
VL;A5;1;182579;185347;1;2;2;4
VR;A5;1;182579;185347;2;2;3;4
BDG;A5;1;182579;185347;0;0;4;4
BAU;A5;1;185347;208012;0;0;1;4
EE;A31;2;74800;86500;1;3;2;5
VL;A31;2;74800;86500;2;3;3;5
VR;A31;2;74800;86500;3;3;4;5
BDG;A31;2;74800;86500;0;0;5;5
BAU;A31;2;86500;88250;0;0;1;5
EE;A31;2;86500;88250;1;3;2;5
VL;A31;2;86500;88250;2;3;3;5
VR;A31;2;86500;88250;3;3;4;5
BDG;A31;2;86500;88250;0;0;5;5
BAU;A31;2;88250;91200;0;0;1;5
EE;A31;2;88250;91200;1;3;2;5
VL;A31;2;88250;91200;2;3;3;5
VR;A31;2;88250;91200;3;3;4;5
BDG;A31;2;88250;91200;0;0;5;5
BAU;A31;2;91200;99900;0;0;1;5
EE;A31;2;91200;99900;1;3;2;5
VL;A31;2;91200;99900;2;3;3;5
VR;A31;2;91200;99900;3;3;4;5
BDG;A31;2;91200;99900;0;0;5;5
BAU;A31;2;99900;100800;0;0;1;5
EE;A31;2;99900;100800;1;3;2;5
VL;A31;2;99900;100800;2;3;3;5
VR;A31;2;99900;100800;3;3;4;5
BDG;A31;2;99900;100800;0;0;5;5
BAU;A31;2;100800;110780;0;0;1;5
EE;A31;2;100800;110780;1;3;2;5
VL;A31;2;100800;110780;2;3;3;5
VR;A31;2;100800;110780;3;3;4;5
BDG;A31;2;100800;110780;0;0;5;5
BAU;A31;2;110780;113090;0;0;1;5
EE;A31;2;110780;113090;1;3;2;5
VL;A31;2;110780;113090;2;3;3;5
VR;A31;2;110780;113090;3;3;4;5
BDG;A31;2;110780;113090;0;0;5;5
BAU;A31;2;113090;116600;0;0;1;4
VL;A31;2;113090;116600;1;2;2;4
VR;A31;2;113090;116600;2;2;3;4
BDG;A31;2;113090;116600;0;0;4;4
BAU;A31;2;116600;118350;0;0;1;6
VS;A31;2;116600;118350;1;4;2;6
VL;A31;2;116600;118350;2;4;3;6
VM1;A31;2;116600;118350;3;4;4;6
VR;A31;2;116600;118350;4;4;5;6
BDG;A31;2;116600;118350;0;0;6;6
BAU;A31;2;118350;118600;0;0;1;6
VS;A31;2;118350;118600;1;4;2;6
VL;A31;2;118350;118600;2;4;3;6
VM1;A31;2;118350;118600;3;4;4;6
VR;A31;2;118350;118600;4;4;5;6
BDG;A31;2;118350;118600;0;0;6;6
BAU;A31;2;118600;118650;0;0;1;5
VS;A31;2;118600;118650;1;3;2;5
VL;A31;2;118600;118650;2;3;3;5
VR;A31;2;118600;118650;3;3;4;5
BDG;A31;2;118600;118650;0;0;5;5
BAU;A31;2;118650;120843;0;0;1;4
VL;A31;2;118650;120843;1;2;2;4
VR;A31;2;118650;120843;2;2;3;4
BDG;A31;2;118650;120843;0;0;4;4
BAU;A31;2;120843;148536;0;0;1;4
VL;A31;2;120843;148536;1;2;2;4
VR;A31;2;120843;148536;2;2;3;4
BDG;A31;2;120843;148536;0;0;4;4
BAU;A31;2;148536;225210;0;0;1;4
VL;A31;2;148536;225210;1;2;2;4
VR;A31;2;148536;225210;2;2;3;4
BDG;A31;2;148536;225210;0;0;4;4
BAU;A31;2;225910;228596;0;0;1;4
VL;A31;2;225910;228596;1;2;2;4
VR;A31;2;225910;228596;2;2;3;4
BDG;A31;2;225910;228596;0;0;4;4
VL;A31-A311;E2;0;1013;1;1;1;1
VL;A31-A311;S1;0;1989;1;1;1;1
VL;A31-A36;E2;0;1431;1;1;1;1
VL;A31-A36;S1;0;1111;1;1;1;1
VL;A31-A39;E1;0;452;1;1;1;1
VL;A31-A39;E2;0;324;1;1;1;1
VL;A31-A39;E3;0;767;1;1;1;1
VL;A31-A39;S1;0;888;1;1;1;1
VL;A31-A39;S2;0;1398;1;1;1;1
VL;A31-A39;S4;0;489;1;1;1;1
VL;A31-1;E1;0;761;1;1;1;1
VL;A31-1;E2;0;334;1;1;1;1
VL;A31-1;S1;0;1019;1;1;1;1
VL;A31-1;S2;0;406;1;1;1;1
BAU;A311;1;26933;30550;0;0;1;4
VL;A311;1;26933;30550;1;2;2;4
VR;A311;1;26933;30550;2;2;3;4
BDG;A311;1;26933;30550;0;0;4;4
BAU;A311;1;30132;31232;0;0;1;4
VL;A311;1;30132;31232;1;2;2;4
VR;A311;1;30132;31232;2;2;3;4
BDG;A311;1;30132;31232;0;0;4;4
BAU;A311;2;27115;30550;0;0;1;4
VL;A311;2;27115;30550;1;2;2;4
VR;A311;2;27115;30550;2;2;3;4
BDG;A311;2;27115;30550;0;0;4;4
BAU;A311;2;30130;31230;0;0;1;4
VL;A311;2;30130;31230;1;2;2;4
VR;A311;2;30130;31230;2;2;3;4
BDG;A311;2;30130;31230;0;0;4;4
VL;A31-10;E1;0;411;1;1;1;1
VL;A31-10;E2;0;371;1;1;1;1
VL;A31-10;S1;0;501;1;1;1;1
VL;A31-10;S2;0;443;1;1;1;1
VL;A31-11;E1;0;501;1;1;1;1
VL;A31-11;E2;0;929;1;1;1;1
VL;A31-11;S1;0;745;1;1;1;1
VL;A31-11;S2;0;821;1;1;1;1
VL;A31-12;E2;0;486;1;1;1;1
VL;A31-12;S1;0;1137;1;1;1;1
VL;A31-4;E1;0;1666;1;1;1;1
VL;A31-4;E2;0;572;1;1;1;1
VL;A31-4;S1;0;744;1;1;1;1
VL;A31-4;S2;0;1065;1;1;1;1
VL;A31-5;E1;0;889;1;1;1;1
VL;A31-5;E2;0;1100;1;1;1;1
VL;A31-5;S1;0;913;1;1;1;1
VL;A31-5;S2;0;1079;1;1;1;1
VL;A31-6;E1;0;853;1;1;1;1
VL;A31-6;E2;0;725;1;1;1;1
VL;A31-6;S1;0;802;1;1;1;1
VL;A36;1;47500;48000;2;4;3;6
VR;A36;1;47500;48000;3;4;4;6
EI;A36;1;47500;48000;4;4;5;6
BDG;A36;1;47500;48000;0;0;6;6
BAU;A36;1;48000;50040;0;0;1;5
EE;A36;1;48000;50040;1;3;2;5
VL;A36;1;48000;50040;2;3;3;5
VR;A36;1;48000;50040;3;3;4;5
BDG;A36;1;48000;50040;0;0;5;5
BAU;A36;1;50040;50050;0;0;1;4
VL;A36;1;50040;50050;1;2;2;4
VR;A36;1;50040;50050;2;2;3;4
BDG;A36;1;50040;50050;0;0;4;4
BAU;A36;1;50050;58334;0;0;1;4
VL;A36;1;50050;58334;1;2;2;4
VR;A36;1;50050;58334;2;2;3;4
BDG;A36;1;50050;58334;0;0;4;4
VS;A36;1;58334;60598;1;3;1;4
VL;A36;1;58334;60598;2;3;2;4
VR;A36;1;58334;60598;3;3;3;4
BDG;A36;1;58334;60598;0;0;4;4
BAU;A36;1;60598;65500;0;0;1;4
VL;A36;1;60598;65500;1;2;2;4
VR;A36;1;60598;65500;2;2;3;4
BDG;A36;1;60598;65500;0;0;4;4
BAU;A36;1;66100;67754;0;0;1;4
VL;A36;1;66100;67754;1;2;2;4
VR;A36;1;66100;67754;2;2;3;4
BDG;A36;1;66100;67754;0;0;4;4
VS;A36;1;67754;69030;1;3;1;4
VL;A36;1;67754;69030;2;3;2;4
VR;A36;1;67754;69030;3;3;3;4
BDG;A36;1;67754;69030;0;0;4;4
BAU;A36;1;69030;81599;0;0;1;4
VL;A36;1;69030;81599;1;2;2;4
VR;A36;1;69030;81599;2;2;3;4
BDG;A36;1;69030;81599;0;0;4;4
VS;A36;1;81599;84338;1;3;1;4
VL;A36;1;81599;84338;2;3;2;4
VR;A36;1;81599;84338;3;3;3;4
BDG;A36;1;81599;84338;0;0;4;4
BAU;A36;1;84338;98891;0;0;1;4
VL;A36;1;84338;98891;1;2;2;4
VR;A36;1;84338;98891;2;2;3;4
BDG;A36;1;84338;98891;0;0;4;4
BAU;A36;1;98891;133993;0;0;1;4
VL;A36;1;98891;133993;1;2;2;4
VR;A36;1;98891;133993;2;2;3;4
BDG;A36;1;98891;133993;0;0;4;4
BAU;A36;1;133993;149666;0;0;1;4
VL;A36;1;133993;149666;1;2;2;4
VR;A36;1;133993;149666;2;2;3;4
BDG;A36;1;133993;149666;0;0;4;4
BAU;A36;1;149666;181100;0;0;1;4
VL;A36;1;149666;181100;1;2;2;4
VR;A36;1;149666;181100;2;2;3;4
BDG;A36;1;149666;181100;0;0;4;4
BAU;A36;1;181100;196000;0;0;1;4
VL;A36;1;181100;196000;1;2;2;4
VR;A36;1;181100;196000;2;2;3;4
BDG;A36;1;181100;196000;0;0;4;4
BAU;A36;1;196000;216777;0;0;1;4
VL;A36;1;196000;216777;1;2;2;4
VR;A36;1;196000;216777;2;2;3;4
BDG;A36;1;196000;216777;0;0;4;4
BAU;A36;2;0;24000;0;0;1;4
VL;A36;2;0;24000;1;2;2;4
VR;A36;2;0;24000;2;2;3;4
BDG;A36;2;0;24000;0;0;4;4
BAU;A36;2;24600;31600;0;0;1;4
VL;A36;2;24600;31600;1;2;2;4
VR;A36;2;24600;31600;2;2;3;4
BDG;A36;2;24600;31600;0;0;4;4
BAU;A36;2;31600;33240;0;0;1;5
EE;A36;2;31600;33240;1;3;2;5
VL;A36;2;31600;33240;2;3;3;5
VR;A36;2;31600;33240;3;3;4;5
BDG;A36;2;31600;33240;0;0;5;5
VS;A36;2;33240;35350;1;3;1;4
VL;A36;2;33240;35350;2;3;2;4
VR;A36;2;33240;35350;3;3;3;4
BDG;A36;2;33240;35350;0;0;4;4
VS;A36;2;35350;35400;1;3;1;4
VL;A36;2;35350;35400;2;3;2;4
VR;A36;2;35350;35400;3;3;3;4
BDG;A36;2;35350;35400;0;0;4;4
BAU;A36;2;35400;36500;0;0;1;5
EE;A36;2;35400;36500;1;3;2;5
VL;A36;2;35400;36500;2;3;3;5
VR;A36;2;35400;36500;3;3;4;5
BDG;A36;2;35400;36500;0;0;5;5
BAU;A36;2;36500;36600;0;0;1;5
EE;A36;2;36500;36600;1;3;2;5
VL;A36;2;36500;36600;2;3;3;5
VR;A36;2;36500;36600;3;3;4;5
BDG;A36;2;36500;36600;0;0;5;5
BAU;A36;2;36600;47000;0;0;1;5
VL;A36;2;36600;47000;1;3;2;5
VR;A36;2;36600;47000;2;3;3;5
EI;A36;2;36600;47000;3;3;4;5
BDG;A36;2;36600;47000;0;0;5;5
BAU;A36;2;47000;47500;0;0;1;5
EE;A36;2;47000;47500;1;3;2;5
VL;A36;2;47000;47500;2;3;3;5
VR;A36;2;47000;47500;3;3;4;5
BDG;A36;2;47000;47500;0;0;5;5
BAU;A36;2;47500;50050;0;0;1;5
EE;A36;2;47500;50050;1;3;2;5
VL;A36;2;47500;50050;2;3;3;5
VR;A36;2;47500;50050;3;3;4;5
BDG;A36;2;47500;50050;0;0;5;5
BAU;A36;2;50050;50250;0;0;1;5
EE;A36;2;50050;50250;1;3;2;5
VL;A36;2;50050;50250;2;3;3;5
VR;A36;2;50050;50250;3;3;4;5
BDG;A36;2;50050;50250;0;0;5;5
BAU;A36;2;50250;61163;0;0;1;4
VL;A36;2;50250;61163;1;2;2;4
VR;A36;2;50250;61163;2;2;3;4
BDG;A36;2;50250;61163;0;0;4;4
VS;A36;2;61163;63745;1;3;1;4
VL;A36;2;61163;63745;2;3;2;4
VR;A36;2;61163;63745;3;3;3;4
BDG;A36;2;61163;63745;0;0;4;4
BAU;A36;2;63745;65500;0;0;1;4
VL;A36;2;63745;65500;1;2;2;4
VR;A36;2;63745;65500;2;2;3;4
BDG;A36;2;63745;65500;0;0;4;4
BAU;A36;2;66100;69026;0;0;1;4
VL;A36;2;66100;69026;1;2;2;4
VR;A36;2;66100;69026;2;2;3;4
BDG;A36;2;66100;69026;0;0;4;4
VS;A36;2;69026;70142;1;3;1;4
VL;A36;2;69026;70142;2;3;2;4
VR;A36;2;69026;70142;3;3;3;4
BDG;A36;2;69026;70142;0;0;4;4
BAU;A36;2;70142;74665;0;0;1;4
VL;A36;2;70142;74665;1;2;2;4
VR;A36;2;70142;74665;2;2;3;4
BDG;A36;2;70142;74665;0;0;4;4
VS;A36;2;74665;75830;1;3;1;4
VL;A36;2;74665;75830;2;3;2;4
VR;A36;2;74665;75830;3;3;3;4
BDG;A36;2;74665;75830;0;0;4;4
BAU;A36;2;75830;94393;0;0;1;4
VL;A36;2;75830;94393;1;2;2;4
VR;A36;2;75830;94393;2;2;3;4
BDG;A36;2;75830;94393;0;0;4;4
VS;A36;2;94393;97258;1;3;1;4
VL;A36;2;94393;97258;2;3;2;4
VR;A36;2;94393;97258;3;3;3;4
BDG;A36;2;94393;97258;0;0;4;4
BAU;A36;2;97258;98891;0;0;1;4
VL;A36;2;97258;98891;1;2;2;4
VR;A36;2;97258;98891;2;2;3;4
BDG;A36;2;97258;98891;0;0;4;4
BAU;A36;2;98891;125105;0;0;1;4
VL;A36;2;98891;125105;1;2;2;4
VR;A36;2;98891;125105;2;2;3;4
BDG;A36;2;98891;125105;0;0;4;4
VS;A36;2;125105;126832;1;3;1;4
VL;A36;2;125105;126832;2;3;2;4
VR;A36;2;125105;126832;3;3;3;4
BDG;A36;2;125105;126832;0;0;4;4
BAU;A36;2;126832;133993;0;0;1;4
VL;A36;2;126832;133993;1;2;2;4
VR;A36;2;126832;133993;2;2;3;4
BDG;A36;2;126832;133993;0;0;4;4
BAU;A36;2;133993;149666;0;0;1;4
VL;A36;2;133993;149666;1;2;2;4
VR;A36;2;133993;149666;2;2;3;4
BDG;A36;2;133993;149666;0;0;4;4
BAU;A36;2;149666;167083;0;0;1;4
VL;A36;2;149666;167083;1;2;2;4
VR;A36;2;149666;167083;2;2;3;4
BDG;A36;2;149666;167083;0;0;4;4
VS;A36;2;167083;168378;1;3;1;4
VL;A36;2;167083;168378;2;3;2;4
VR;A36;2;167083;168378;3;3;3;4
BDG;A36;2;167083;168378;0;0;4;4
BAU;A36;2;168378;181100;0;0;1;4
VL;A36;2;168378;181100;1;2;2;4
VR;A36;2;168378;181100;2;2;3;4
BDG;A36;2;168378;181100;0;0;4;4
BAU;A36;2;181100;196000;0;0;1;4
VL;A36;2;181100;196000;1;2;2;4
VR;A36;2;181100;196000;2;2;3;4
BDG;A36;2;181100;196000;0;0;4;4
BAU;A36;2;196000;216613;0;0;1;4
VL;A36;2;196000;216613;1;2;2;4
VR;A36;2;196000;216613;2;2;3;4
BDG;A36;2;196000;216613;0;0;4;4
VL;A36-A39;E1;0;399;1;1;1;1
VL;A36-A39;E2;0;536;1;1;1;1
VL;A36-A39;E3;0;540;1;1;1;1
VL;A36-A39;E4;0;1658;1;1;1;1
VL;A36-A39;S1;0;1696;1;1;1;1
VL;A36-A39;S2;0;376;1;1;1;1
VL;A36-A39;S3;0;407;1;1;1;1
VL;A36-A39;S4;0;431;1;1;1;1
VL;A36-1;E1;0;756;1;1;1;1
VL;A36-1;E2;0;291;1;1;1;1
VL;A36-1;S1;0;848;1;1;1;1
VL;A36-1;S2;0;346;1;1;1;1
VL;A36-10;E1;0;194;1;1;1;1
VL;A36-10;E2;0;227;1;1;1;1
VL;A36-10;S1;0;352;1;1;1;1
VL;A36-10;S2;0;328;1;1;1;1
VL;A36-11;E1;0;347;1;1;1;1
VL;A36-11;E2;0;331;1;1;1;1
VR;A391;2;0;3600;2;2;3;4
BDG;A391;2;0;3600;0;0;4;4
BAU;A391;2;3600;4277;0;0;1;3
VL;A391;2;3600;4277;1;1;2;3
BDG;A391;2;3600;4277;0;0;3;3
VL;A39-10;E1;0;360;1;1;1;1
VL;A39-10;E2;0;631;1;1;1;1
VL;A39-10;S1;0;680;1;1;1;1
VL;A39-10;S2;0;824;1;1;1;1
VL;A391-7;E2;0;403;1;1;1;1
VL;A391-7;S1;0;282;1;1;1;1
VL;A39-2;E2;0;498;1;1;1;1
VL;A39-2;S1;0;331;1;1;1;1
VL;A39-3;E1;0;378;1;1;1;1
VL;A39-3;E2;0;344;1;1;1;1
VL;A39-3;S1;0;478;1;1;1;1
VL;A39-3;S2;0;351;1;1;1;1
VL;A39-5;E1;0;671;1;1;1;1
VL;A39-5;E2;0;382;1;1;1;1
VL;A39-5;S1;0;619;1;1;1;1
VL;A39-5;S2;0;326;1;1;1;1
VL;A39-6;E1;0;1288;1;1;1;1
VL;A39-6;E2;0;347;1;1;1;1
VL;A39-6;S1;0;636;1;1;1;1
VL;A39-6;S2;0;1082;1;1;1;1
VL;A39-7.1;E1;0;687;1;1;1;1
VL;A39-7.1;E2;0;310;1;1;1;1
VL;A39-7.1;S1;0;375;1;1;1;1
VL;A39-7.1;S2;0;643;1;1;1;1
VL;A39-8;E1;0;459;1;1;1;1
VL;A39-8;E2;0;778;1;1;1;1
VL;A39-8;S1;0;507;1;1;1;1
VL;A39-8;S2;0;1002;1;1;1;1
VL;A39-9;E1;0;794;1;1;1;1
VL;A39-9;E2;0;641;1;1;1;1
VL;A39-9;S1;0;1001;1;1;1;1
VL;A39-9;S2;0;794;1;1;1;1
BAU;A40;1;102850;104078;0;0;1;4
VL;A40;1;102850;104078;1;2;2;4
VR;A40;1;102850;104078;2;2;3;4
BDG;A40;1;102850;104078;0;0;4;4
VL;A40;1;104078;104988;1;2;1;3
VR;A40;1;104078;104988;2;2;2;3
BDG;A40;1;104078;104988;0;0;3;3
BAU;A40;1;104988;106098;0;0;1;4
VL;A40;1;104988;106098;1;2;2;4
VR;A40;1;104988;106098;2;2;3;4
BDG;A40;1;104988;106098;0;0;4;4
VL;A40;1;106098;106438;1;2;1;3
VR;A40;1;106098;106438;2;2;2;3
BDG;A40;1;106098;106438;0;0;3;3
BAU;A40;1;106438;107208;0;0;1;4
VL;A40;1;106438;107208;1;2;2;4
VR;A40;1;106438;107208;2;2;3;4
BDG;A40;1;106438;107208;0;0;4;4
VL;A40;1;107208;108508;1;2;1;3
VR;A40;1;107208;108508;2;2;2;3
BDG;A40;1;107208;108508;0;0;3;3
BAU;A40;1;108508;109628;0;0;1;4
VL;A40;1;108508;109628;1;2;2;4
VR;A40;1;108508;109628;2;2;3;4
BDG;A40;1;108508;109628;0;0;4;4
VS;A40;1;109628;112338;1;3;1;4
VL;A40;1;109628;112338;2;3;2;4
VR;A40;1;109628;112338;3;3;3;4
BDG;A40;1;109628;112338;0;0;4;4
BAU;A40;1;112338;114598;0;0;1;4
VL;A40;1;112338;114598;1;2;2;4
VR;A40;1;112338;114598;2;2;3;4
BDG;A40;1;112338;114598;0;0;4;4
BAU;A40;1;114598;115228;0;0;1;4
VL;A40;1;114598;115228;1;2;2;4
VR;A40;1;114598;115228;2;2;3;4
BDG;A40;1;114598;115228;0;0;4;4
BAU;A40;1;115228;116028;0;0;1;4
VL;A40;1;115228;116028;1;2;2;4
VR;A40;1;115228;116028;2;2;3;4
BDG;A40;1;115228;116028;0;0;4;4
BAU;A40;1;116028;117492;0;0;1;4
VL;A40;1;116028;117492;1;2;2;4
VR;A40;1;116028;117492;2;2;3;4
BDG;A40;1;116028;117492;0;0;4;4
VL;A40;1;117492;122647;1;2;1;3
VR;A40;1;117492;122647;2;2;2;3
BDG;A40;1;117492;122647;0;0;3;3
BAU;A40;1;122647;125420;0;0;1;4
VL;A40;1;122647;125420;1;2;2;4
VR;A40;1;122647;125420;2;2;3;4
BDG;A40;1;122647;125420;0;0;4;4
VS;A40;1;125420;128930;1;3;1;4
VL;A40;1;125420;128930;2;3;2;4
VR;A40;1;125420;128930;3;3;3;4
BDG;A40;1;125420;128930;0;0;4;4
BAU;A40;1;128930;131200;0;0;1;4
VL;A40;1;128930;131200;1;2;2;4
VR;A40;1;128930;131200;2;2;3;4
BDG;A40;1;128930;131200;0;0;4;4
VS;A40;1;131200;137800;1;3;1;4
VL;A40;1;131200;137800;2;3;2;4
VR;A40;1;131200;137800;3;3;3;4
BDG;A40;1;131200;137800;0;0;4;4
BAU;A40;1;137800;146520;0;0;1;4
VL;A40;1;137800;146520;1;2;2;4
VR;A40;1;137800;146520;2;2;3;4
BDG;A40;1;137800;146520;0;0;4;4
BAU;A40;1;146520;147169;0;0;1;5
EE;A40;1;146520;147169;1;3;2;5
VL;A40;1;146520;147169;2;3;3;5
VR;A40;1;146520;147169;3;3;4;5
BDG;A40;1;146520;147169;0;0;5;5
BAU;A40;1;147169;149000;0;0;1;5
EE;A40;1;147169;149000;1;3;2;5
VL;A40;1;147169;149000;2;3;3;5
VR;A40;1;147169;149000;3;3;4;5
BDG;A40;1;147169;149000;0;0;5;5
BAU;A40;1;149000;156019;0;0;1;5
EE;A40;1;149000;156019;1;3;2;5
VL;A40;1;149000;156019;2;3;3;5
VR;A40;1;149000;156019;3;3;4;5
BDG;A40;1;149000;156019;0;0;5;5
BAU;A40;1;156019;164800;0;0;1;5
EE;A40;1;156019;164800;1;3;2;5
VL;A40;1;156019;164800;2;3;3;5
VR;A40;1;156019;164800;3;3;4;5
BDG;A40;1;156019;164800;0;0;5;5
BAU;A40;1;164800;169395;0;0;1;5
EE;A40;1;164800;169395;1;3;2;5
VL;A40;1;164800;169395;2;3;3;5
VR;A40;1;164800;169395;3;3;4;5
BDG;A40;1;164800;169395;0;0;5;5
BAU;A40;1;169395;177739;0;0;1;4
VL;A40;1;169395;177739;1;2;2;4
VR;A40;1;169395;177739;2;2;3;4
BDG;A40;1;169395;177739;0;0;4;4
BAU;A40;1;177739;198749;0;0;1;4
VL;A40;1;177739;198749;1;2;2;4
VR;A40;1;177739;198749;2;2;3;4
BDG;A40;1;177739;198749;0;0;4;4
BAU;A40;1;198749;200470;0;0;1;4
VL;A40;1;198749;200470;1;2;2;4
VR;A40;1;198749;200470;2;2;3;4
BDG;A40;1;198749;200470;0;0;4;4
BAU;A40;1;200470;203971;0;0;1;4
VL;A40;1;200470;203971;1;2;2;4
VR;A40;1;200470;203971;2;2;3;4
BDG;A40;1;200470;203971;0;0;4;4
VL;A40;1;203971;204350;1;2;1;3
VR;A40;1;203971;204350;2;2;2;3
BDG;A40;1;203971;204350;0;0;3;3
BAU;A40;1;204350;207510;0;0;1;4
VL;A40;1;204350;207510;1;2;2;4
VR;A40;1;204350;207510;2;2;3;4
BDG;A40;1;204350;207510;0;0;4;4
BAU;A40;2;102850;104088;0;0;1;4
VL;A40;2;102850;104088;1;2;2;4
VR;A40;2;102850;104088;2;2;3;4
BDG;A40;2;102850;104088;0;0;4;4
VL;A40;2;104088;105028;1;2;1;3
VR;A40;2;104088;105028;2;2;2;3
BDG;A40;2;104088;105028;0;0;3;3
BAU;A40;2;105028;106088;0;0;1;4
VL;A40;2;105028;106088;1;2;2;4
VR;A40;2;105028;106088;2;2;3;4
BDG;A40;2;105028;106088;0;0;4;4
VL;A40;2;106088;106438;1;2;1;3
VR;A40;2;106088;106438;2;2;2;3
BDG;A40;2;106088;106438;0;0;3;3
BAU;A40;2;106438;107228;0;0;1;4
VL;A40;2;106438;107228;1;2;2;4
VR;A40;2;106438;107228;2;2;3;4
BDG;A40;2;106438;107228;0;0;4;4
VL;A40;2;107228;108489;1;2;1;3
VR;A40;2;107228;108489;2;2;2;3
BDG;A40;2;107228;108489;0;0;3;3
BAU;A40;2;108489;109138;0;0;1;4
VL;A40;2;108489;109138;1;2;2;4
VR;A40;2;108489;109138;2;2;3;4
BDG;A40;2;108489;109138;0;0;4;4
VL;A40;2;109138;109588;1;2;1;3
VR;A40;2;109138;109588;2;2;2;3
BDG;A40;2;109138;109588;0;0;3;3
BAU;A40;2;109588;110328;0;0;1;4
VL;A40;2;109588;110328;1;2;2;4
VR;A40;2;109588;110328;2;2;3;4
BDG;A40;2;109588;110328;0;0;4;4
VL;A40;2;110328;110538;1;2;1;3
VR;A40;2;110328;110538;2;2;2;3
BDG;A40;2;110328;110538;0;0;3;3
BAU;A40;2;110538;112338;0;0;1;4
VL;A40;2;110538;112338;1;2;2;4
VR;A40;2;110538;112338;2;2;3;4
BDG;A40;2;110538;112338;0;0;4;4
VL;A40;2;112338;112868;1;2;1;3
VR;A40;2;112338;112868;2;2;2;3
BDG;A40;2;112338;112868;0;0;3;3
BAU;A40;2;112868;113268;0;0;1;4
VL;A40;2;112868;113268;1;2;2;4
VR;A40;2;112868;113268;2;2;3;4
BDG;A40;2;112868;113268;0;0;4;4
VL;A40;2;113268;114538;1;2;1;3
VR;A40;2;113268;114538;2;2;2;3
BDG;A40;2;113268;114538;0;0;3;3
BAU;A40;2;114538;114948;0;0;1;4
VL;A40;2;114538;114948;1;2;2;4
VR;A40;2;114538;114948;2;2;3;4
BDG;A40;2;114538;114948;0;0;4;4
VL;A40;2;114948;115168;1;2;1;3
VR;A40;2;114948;115168;2;2;2;3
BDG;A40;2;114948;115168;0;0;3;3
BAU;A40;2;115168;116028;0;0;1;4
VL;A40;2;115168;116028;1;2;2;4
VR;A40;2;115168;116028;2;2;3;4
BDG;A40;2;115168;116028;0;0;4;4
BAU;A40;2;116028;117492;0;0;1;4
VL;A40;2;116028;117492;1;2;2;4
VR;A40;2;116028;117492;2;2;3;4
BDG;A40;2;116028;117492;0;0;4;4
VL;A40;2;117492;122647;1;2;1;3
VR;A40;2;117492;122647;2;2;2;3
BDG;A40;2;117492;122647;0;0;3;3
BAU;A40;2;122647;130675;0;0;1;4
VL;A40;2;122647;130675;1;2;2;4
VR;A40;2;122647;130675;2;2;3;4
BDG;A40;2;122647;130675;0;0;4;4
BAU;A40;2;130675;131200;0;0;1;5
VS;A40;2;130675;131200;1;3;2;5
VL;A40;2;130675;131200;2;3;3;5
VR;A40;2;130675;131200;3;3;4;5
BDG;A40;2;130675;131200;0;0;5;5
VS;A40;2;131200;137800;1;3;1;4
VL;A40;2;131200;137800;2;3;2;4
VR;A40;2;131200;137800;3;3;3;4
BDG;A40;2;131200;137800;0;0;4;4
BAU;A40;2;137800;137951;0;0;1;4
VL;A40;2;137800;137951;1;2;2;4
VR;A40;2;137800;137951;2;2;3;4
BDG;A40;2;137800;137951;0;0;4;4
VL;A40;2;137951;138519;1;2;1;3
VR;A40;2;137951;138519;2;2;2;3
BDG;A40;2;137951;138519;0;0;3;3
BAU;A40;2;138519;147030;0;0;1;4
VL;A40;2;138519;147030;1;2;2;4
VR;A40;2;138519;147030;2;2;3;4
BDG;A40;2;138519;147030;0;0;4;4
BAU;A40;2;147030;147169;0;0;1;5
EE;A40;2;147030;147169;1;3;2;5
VL;A40;2;147030;147169;2;3;3;5
VR;A40;2;147030;147169;3;3;4;5
BDG;A40;2;147030;147169;0;0;5;5
BAU;A40;2;147169;148000;0;0;1;5
EE;A40;2;147169;148000;1;3;2;5
VL;A40;2;147169;148000;2;3;3;5
VR;A40;2;147169;148000;3;3;4;5
BDG;A40;2;147169;148000;0;0;5;5
BAU;A40;2;148000;156019;0;0;1;5
EE;A40;2;148000;156019;1;3;2;5
VL;A40;2;148000;156019;2;3;3;5
VR;A40;2;148000;156019;3;3;4;5
BDG;A40;2;148000;156019;0;0;5;5
BAU;A40;2;156019;164800;0;0;1;5
EE;A40;2;156019;164800;1;3;2;5
VL;A40;2;156019;164800;2;3;3;5
VR;A40;2;156019;164800;3;3;4;5
BDG;A40;2;156019;164800;0;0;5;5
BAU;A40;2;164800;169320;0;0;1;5
EE;A40;2;164800;169320;1;3;2;5
VL;A40;2;164800;169320;2;3;3;5
VR;A40;2;164800;169320;3;3;4;5
BDG;A40;2;164800;169320;0;0;5;5
BAU;A40;2;169320;177739;0;0;1;4
VL;A40;2;169320;177739;1;2;2;4
VR;A40;2;169320;177739;2;2;3;4
BDG;A40;2;169320;177739;0;0;4;4
BAU;A40;2;177739;198749;0;0;1;4
VL;A40;2;177739;198749;1;2;2;4
VR;A40;2;177739;198749;2;2;3;4
BDG;A40;2;177739;198749;0;0;4;4
BAU;A40;2;198749;203971;0;0;1;4
VL;A40;2;198749;203971;1;2;2;4
VR;A40;2;198749;203971;2;2;3;4
BDG;A40;2;198749;203971;0;0;4;4
VL;A40;2;203971;204350;1;2;1;3
VR;A40;2;203971;204350;2;2;2;3
BDG;A40;2;203971;204350;0;0;3;3
BAU;A40;2;204350;207731;0;0;1;4
VL;A40;2;204350;207731;1;2;2;4
VR;A40;2;204350;207731;2;2;3;4
BDG;A40;2;204350;207731;0;0;4;4
VL;A40-A404;E1;0;259;1;1;1;1
VL;A40-A404;E3;0;757;1;1;1;1
VL;A40-A404;S2;0;329;1;1;1;1
VL;A40-A42;E2;0;679;1;1;1;1
VL;A40-A42;S1;0;1637;1;1;1;1
VL;A40-1;E2;0;481;1;1;1;1
VL;A40-1;S1;0;428;1;1;1;1
VL;A40-2;E1;0;378;1;1;1;1
VL;A6-A31;S1;0;1963;1;1;1;1
BAU;A71;1;209800;380300;0;0;1;4
VL;A71;1;209800;380300;1;2;2;4
VR;A71;1;209800;380300;2;2;3;4
BDG;A71;1;209800;380300;0;0;4;4
BAU;A71;1;381630;390201;0;0;1;4
VL;A71;1;381630;390201;1;2;2;4
VR;A71;1;381630;390201;2;2;3;4
BDG;A71;1;381630;390201;0;0;4;4
BAU;A71;2;209800;380300;0;0;1;4
VL;A71;2;209800;380300;1;2;2;4
VR;A71;2;209800;380300;2;2;3;4
BDG;A71;2;209800;380300;0;0;4;4
BAU;A71;2;381630;390234;0;0;1;4
VL;A71;2;381630;390234;1;2;2;4
VR;A71;2;381630;390234;2;2;3;4
BDG;A71;2;381630;390234;0;0;4;4
VL;A71-A710;E1;0;516;1;1;1;1
VL;A71-A710;E2;0;1194;1;1;1;1
VL;A71-A710;E4;0;1150;1;1;1;1
VL;A71-A710;S1;0;1952;1;1;1;1
VL;A71-A710;S2;0;457;1;1;1;1
VL;A71-A710;S3;0;720;1;1;1;1
VL;A71-A711;E1;0;663;1;1;1;1
VL;A71-A711;E2;0;492;1;1;1;1
VL;A71-A711;S1;0;828;1;1;1;1
VL;A71-A711;S2;0;403;1;1;1;1
VL;A71-A714;E2;0;632;1;1;1;1
VL;A71-A714;S1;0;371;1;1;1;1
VL;A71-A719;E2;0;731;1;1;1;1
VL;A71-A719;S1;0;582;1;1;1;1
VL;A71-A89;E1;0;776;1;1;1;1
VL;A71-A89;E2;0;1273;1;1;1;1
VL;A71-A89;S1;0;809;1;1;1;1
VL;A71-A89;S2;0;1378;1;1;1;1
BAU;A710W;1;10940;12460;0;0;1;4
VL;A710W;1;10940;12460;1;2;2;4
VR;A710W;1;10940;12460;2;2;3;4
BDG;A710W;1;10940;12460;0;0;4;4
BAU;A710W;2;10940;12460;0;0;1;4
VL;A710W;2;10940;12460;1;2;2;4
VR;A710W;2;10940;12460;2;2;3;4
BDG;A710W;2;10940;12460;0;0;4;4
VL;A710W-15;E2;0;258;1;1;1;1
VL;A710W-15;S1;0;212;1;1;1;1
VL;A71-11;E1;0;325;1;1;1;1
VL;A71-11;E2;0;976;1;1;1;1
VL;A71-11;S1;0;748;1;1;1;1
VL;A71-11;S2;0;800;1;1;1;1
VL;A71-12.1;E1;0;527;1;1;1;1
VL;A71-12.1;E2;0;823;1;1;1;1
VL;A71-12.1;S1;0;334;1;1;1;1
VL;A71-12.1;S2;0;934;1;1;1;1
VL;A71-13;E1;0;424;1;1;1;1
VL;A71-13;E2;0;1320;1;1;1;1
VL;A719-14;E2;0;429;1;1;1;1
VL;A719-14;S2;0;712;1;1;1;1
BAU;A77;1;800;5080;0;0;1;4
VL;A77;1;800;5080;1;2;2;4
VR;A77;1;800;5080;2;2;3;4
BDG;A77;1;800;5080;0;0;4;4
VL;A77;1;5080;67900;1;2;1;2
VR;A77;1;5080;67900;2;2;2;2
VL;A77;1;67900;100392;1;2;1;2
VR;A77;1;67900;100392;2;2;2;2
BAU;A77;2;0;5080;0;0;1;4
VL;A77;2;0;5080;1;2;2;4
VR;A77;2;0;5080;2;2;3;4
BDG;A77;2;0;5080;0;0;4;4
VL;A77;2;5080;67900;1;2;1;2
VR;A77;2;5080;67900;2;2;2;2
VL;A77;2;67900;100694;1;2;1;2
VR;A77;2;67900;100694;2;2;2;2
VL;A77-17;E1;0;312;1;1;1;1
VL;A77-17;E2;0;629;1;1;1;1
VL;A77-17;S1;0;749;1;1;1;1
VL;A77-17;S2;0;408;1;1;1;1
VL;A77-18;E1;0;1175;1;1;1;1
VL;A77-18;E2;0;413;1;1;1;1
VL;A77-18;S1;0;575;1;1;1;1
VL;A77-18;S2;0;760;1;1;1;1
VL;A77-18.1;E2;0;616;1;1;1;1
VL;A77-18.1;S1;0;1063;1;1;1;1
VL;A77-19;E1;0;278;1;1;1;1
VL;A77-19;E2;0;349;1;1;1;1
VL;A77-19;S1;0;348;1;1;1;1
VL;A77-19;S2;0;303;1;1;1;1
VL;A77-20;E1;0;249;1;1;1;1
VL;A77-20;E2;0;928;1;1;1;1
VL;A77-20;S1;0;305;1;1;1;1
VL;A77-20;S2;0;952;1;1;1;1
VL;A404-11;S1;0;259;1;1;1;1
VL;A404-11;S2;0;344;1;1;1;1
VL;A404-12;E2;0;392;1;1;1;1
VL;A404-12;S1;0;328;1;1;1;1
VL;A404-9;E1;0;581;1;1;1;1
VL;A404-9;E2;0;399;1;1;1;1
VL;A404-9;S1;0;491;1;1;1;1
VL;A404-9;S2;0;603;1;1;1;1
VL;A40-5;E1;0;890;1;1;1;1
VL;A40-5;E2;0;464;1;1;1;1
VL;A40-5;S1;0;1081;1;1;1;1
VL;A40-5;S2;0;564;1;1;1;1
VL;A40-6;E1;0;820;1;1;1;1
VL;A40-6;E2;0;792;1;1;1;1
VL;A40-6;S1;0;1049;1;1;1;1
VL;A40-6;S2;0;479;1;1;1;1
BAU;A406;1;121;10385;0;0;1;4
VL;A406;1;121;10385;1;2;2;4
VR;A406;1;121;10385;2;2;3;4
BDG;A406;1;121;10385;0;0;4;4
BAU;A406;2;121;9431;0;0;1;4
VL;A406;2;121;9431;1;2;2;4
VR;A406;2;121;9431;2;2;3;4
BDG;A406;2;121;9431;0;0;4;4
VL;A406-1;E2;0;911;1;1;1;1
VL;A406-1;S1;0;1002;1;1;1;1
VL;A406-2;E1;0;438;1;1;1;1
VL;A406-2;S2;0;820;1;1;1;1
VL;A40-7;E1;0;846;1;1;1;1
VL;A40-7;E2;0;806;1;1;1;1
VL;A40-7;S1;0;1231;1;1;1;1
VL;A40-7;S2;0;550;1;1;1;1
VL;A40-8;E1;0;516;1;1;1;1
VL;A40-8;E2;0;952;1;1;1;1
VL;A40-8;S1;0;1400;1;1;1;1
VL;A40-8;S2;0;409;1;1;1;1
VL;A40-9;E1;0;1037;1;1;1;1
VL;A40-9;E2;0;1310;1;1;1;1
VL;A40-9;S1;0;556;1;1;1;1
VL;A40-9;S2;0;668;1;1;1;1
BAU;A42;1;4350;4610;0;0;1;5
VL;A42;1;4350;4610;1;3;2;5
VM1;A42;1;4350;4610;2;3;3;5
VR;A42;1;4350;4610;3;3;4;5
BDG;A42;1;4350;4610;0;0;5;5
BAU;A42;1;4610;4613;0;0;1;5
VL;A42;1;4610;4613;1;3;2;5
VM1;A42;1;4610;4613;2;3;3;5
VR;A42;1;4610;4613;3;3;4;5
BDG;A42;1;4610;4613;0;0;5;5
BAU;A42;1;4613;7950;0;0;1;5
VL;A42;1;4613;7950;1;3;2;5
VM1;A42;1;4613;7950;2;3;3;5
VR;A42;1;4613;7950;3;3;4;5
BDG;A42;1;4613;7950;0;0;5;5
BAU;A42;1;7950;8400;0;0;1;5
VL;A42;1;7950;8400;1;3;2;5
VM1;A42;1;7950;8400;2;3;3;5
VR;A42;1;7950;8400;3;3;4;5
BDG;A42;1;7950;8400;0;0;5;5
BAU;A42;1;8400;8600;0;0;1;5
VL;A42;1;8400;8600;1;3;2;5
VM1;A42;1;8400;8600;2;3;3;5
VR;A42;1;8400;8600;3;3;4;5
BDG;A42;1;8400;8600;0;0;5;5
BAU;A42;1;8600;9300;0;0;1;5
VL;A42;1;8600;9300;1;3;2;5
VM1;A42;1;8600;9300;2;3;3;5
VR;A42;1;8600;9300;3;3;4;5
BDG;A42;1;8600;9300;0;0;5;5
VL;A42;1;9300;10050;1;1;1;1
VL;A42;1;10050;10100;1;2;1;2
EI;A42;1;10050;10100;2;2;2;2
BAU;A42;1;10100;25000;0;0;1;5
VL;A42;1;10100;25000;1;3;2;5
VR;A42;1;10100;25000;2;3;3;5
EI;A42;1;10100;25000;3;3;4;5
BDG;A42;1;10100;25000;0;0;5;5
BAU;A42;1;25000;26410;0;0;1;5
VL;A42;1;25000;26410;1;3;2;5
VR;A42;1;25000;26410;2;3;3;5
EI;A42;1;25000;26410;3;3;4;5
BDG;A42;1;25000;26410;0;0;5;5
BAU;A42;1;26410;33450;0;0;1;4
VL;A42;1;26410;33450;1;2;2;4
VR;A42;1;26410;33450;2;2;3;4
BDG;A42;1;26410;33450;0;0;4;4
BAU;A42;1;33450;52895;0;0;1;4
VL;A42;1;33450;52895;1;2;2;4
VR;A42;1;33450;52895;2;2;3;4
BDG;A42;1;33450;52895;0;0;4;4
BAU;A42;2;4353;4610;0;0;1;5
VL;A42;2;4353;4610;1;3;2;5
VM1;A42;2;4353;4610;2;3;3;5
VR;A42;2;4353;4610;3;3;4;5
BDG;A42;2;4353;4610;0;0;5;5
BAU;A42;2;4610;4613;0;0;1;5
VL;A42;2;4610;4613;1;3;2;5
VM1;A42;2;4610;4613;2;3;3;5
VR;A42;2;4610;4613;3;3;4;5
BDG;A42;2;4610;4613;0;0;5;5
BAU;A42;2;4613;7950;0;0;1;5
VL;A42;2;4613;7950;1;3;2;5
VM1;A42;2;4613;7950;2;3;3;5
VR;A42;2;4613;7950;3;3;4;5
BDG;A42;2;4613;7950;0;0;5;5
BAU;A42;2;7950;8400;0;0;1;5
VL;A42;2;7950;8400;1;3;2;5
VM1;A42;2;7950;8400;2;3;3;5
VR;A42;2;7950;8400;3;3;4;5
BDG;A42;2;7950;8400;0;0;5;5
BAU;A42;2;8400;8600;0;0;1;5
VL;A42;2;8400;8600;1;3;2;5
VM1;A42;2;8400;8600;2;3;3;5
VR;A42;2;8400;8600;3;3;4;5
BDG;A42;2;8400;8600;0;0;5;5
BAU;A42;2;8600;9300;0;0;1;5
VL;A42;2;8600;9300;1;3;2;5
VM1;A42;2;8600;9300;2;3;3;5
VR;A42;2;8600;9300;3;3;4;5
BDG;A42;2;8600;9300;0;0;5;5
VL;A42;2;9300;10050;1;1;1;1
VL;A42;2;10050;10100;1;2;1;2
EI;A42;2;10050;10100;2;2;2;2
BAU;A42;2;10100;25000;0;0;1;5
VL;A42;2;10100;25000;1;3;2;5
VR;A42;2;10100;25000;2;3;3;5
EI;A42;2;10100;25000;3;3;4;5
BDG;A42;2;10100;25000;0;0;5;5
BAU;A42;2;25000;26410;0;0;1;5
VL;A42;2;25000;26410;1;3;2;5
VR;A42;2;25000;26410;2;3;3;5
EI;A42;2;25000;26410;3;3;4;5
BDG;A42;2;25000;26410;0;0;5;5
BAU;A42;2;26410;33450;0;0;1;4
VL;A42;2;26410;33450;1;2;2;4
VR;A42;2;26410;33450;2;2;3;4
BDG;A42;2;26410;33450;0;0;4;4
BAU;A42;2;33450;53395;0;0;1;4
VL;A42;2;33450;53395;1;2;2;4
VR;A42;2;33450;53395;2;2;3;4
BDG;A42;2;33450;53395;0;0;4;4
VL;A42-A432;E1;0;1037;1;1;1;1
VL;A42-A432;E2;0;1342;1;1;1;1
VL;A42-A432;E3;0;1921;1;1;1;1
VL;A42-A432;S1;0;1266;1;1;1;1
VL;A42-A432;S2;0;1690;1;1;1;1
VL;A42-A432;S4;0;740;1;1;1;1
VL;A42-A46;E1;0;863;1;1;1;1
VL;A42-A46;S2;0;588;1;1;1;1
VL;A42-4;E1;0;383;1;1;1;1
VL;A42-4;E2;0;371;1;1;1;1
VL;A42-4;S1;0;343;1;1;1;1
VL;A42-4;S2;0;487;1;1;1;1
VL;A42-5;E1;0;1001;1;1;1;1
VL;A42-5;E2;0;520;1;1;1;1
VL;A42-5;S1;0;983;1;1;1;1
VL;A42-5;S2;0;366;1;1;1;1
VL;A42-5.1;E1;0;495;1;1;1;1
VL;A42-5.1;E2;0;494;1;1;1;1
VL;A42-5.1;S1;0;1096;1;1;1;1
VL;A42-5.1;S2;0;389;1;1;1;1
VL;A42-6;E1;0;595;1;1;1;1
VL;A42-6;E2;0;578;1;1;1;1
VL;A42-6;S1;0;847;1;1;1;1
VL;A42-6;S2;0;845;1;1;1;1
VL;A42-7;E1;0;604;1;1;1;1
VL;A42-7;E2;0;786;1;1;1;1
VL;A42-7;S1;0;906;1;1;1;1
VL;A42-7;S2;0;754;1;1;1;1
VL;A42-8;E1;0;674;1;1;1;1
VL;A42-8;E2;0;693;1;1;1;1
VL;A42-8;S1;0;482;1;1;1;1
VL;A42-8;S2;0;845;1;1;1;1
VL;A42-9;E1;0;609;1;1;1;1
VL;A42-9;E2;0;604;1;1;1;1
VL;A42-9;S1;0;524;1;1;1;1
VL;A42-9;S2;0;943;1;1;1;1
BAU;A432;1;0;8710;0;0;1;4
VL;A432;1;0;8710;1;2;2;4
VR;A432;1;0;8710;2;2;3;4
BDG;A432;1;0;8710;0;0;4;4
BAU;A432;1;8710;11655;0;0;1;5
VS;A432;1;8710;11655;1;3;2;5
VL;A432;1;8710;11655;2;3;3;5
VR;A432;1;8710;11655;3;3;4;5
BDG;A432;1;8710;11655;0;0;5;5
BAU;A432;1;11655;11810;0;0;1;5
VS;A432;1;11655;11810;1;3;2;5
VL;A432;1;11655;11810;2;3;3;5
VR;A432;1;11655;11810;3;3;4;5
BDG;A432;1;11655;11810;0;0;5;5
BAU;A432;1;11810;12290;0;0;1;4
VL;A432;1;11810;12290;1;2;2;4
VR;A432;1;11810;12290;2;2;3;4
BDG;A432;1;11810;12290;0;0;4;4
BAU;A432;1;12650;19920;0;0;1;4
VL;A432;1;12650;19920;1;2;2;4
VR;A432;1;12650;19920;2;2;3;4
BDG;A432;1;12650;19920;0;0;4;4
BAU;A432;1;19920;31400;0;0;1;4
VL;A432;1;19920;31400;1;2;2;4
VR;A432;1;19920;31400;2;2;3;4
BDG;A432;1;19920;31400;0;0;4;4
BAU;A432;2;0;7990;0;0;1;4
VL;A432;2;0;7990;1;2;2;4
VR;A432;2;0;7990;2;2;3;4
BDG;A432;2;0;7990;0;0;4;4
VL;A36-11;S1;0;389;1;1;1;1
VL;A36-11;S2;0;200;1;1;1;1
VL;A36-12;E1;0;230;1;1;1;1
VL;A36-12;E2;0;386;1;1;1;1
VL;A36-12;S1;0;310;1;1;1;1
VL;A36-12;S2;0;542;1;1;1;1
VL;A36-12;S4;0;455;1;1;1;1
VL;A36-13;E1;0;346;1;1;1;1
VL;A36-13;E2;0;331;1;1;1;1
VL;A36-13;S1;0;475;1;1;1;1
VL;A36-13;S2;0;239;1;1;1;1
VL;A36-14;E1;0;354;1;1;1;1
VL;A36-14;E2;0;355;1;1;1;1
VL;A36-14;E3;0;412;1;1;1;1
VL;A36-14;E4;0;543;1;1;1;1
VL;A36-14;S1;0;456;1;1;1;1
VL;A36-14;S2;0;378;1;1;1;1
BAU;A432;2;7990;11154;0;0;1;5
VS;A432;2;7990;11154;1;3;2;5
VL;A432;2;7990;11154;2;3;3;5
VR;A432;2;7990;11154;3;3;4;5
BDG;A432;2;7990;11154;0;0;5;5
BAU;A432;2;11154;11655;0;0;1;4
VL;A432;2;11154;11655;1;2;2;4
VR;A432;2;11154;11655;2;2;3;4
BDG;A432;2;11154;11655;0;0;4;4
BAU;A432;2;11660;12290;0;0;1;4
VL;A432;2;11660;12290;1;2;2;4
VR;A432;2;11660;12290;2;2;3;4
BDG;A432;2;11660;12290;0;0;4;4
BAU;A432;2;12650;16925;0;0;1;4
VL;A432;2;12650;16925;1;2;2;4
VR;A432;2;12650;16925;2;2;3;4
BDG;A432;2;12650;16925;0;0;4;4
BAU;A432;2;16925;19920;0;0;1;4
VL;A432;2;16925;19920;1;2;2;4
VR;A432;2;16925;19920;2;2;3;4
BDG;A432;2;16925;19920;0;0;4;4
BAU;A432;2;19920;31400;0;0;1;4
VL;A432;2;19920;31400;1;2;2;4
VR;A432;2;19920;31400;2;2;3;4
BDG;A432;2;19920;31400;0;0;4;4
VL;A432-3;E1;0;329;1;1;1;1
VL;A432-3;E2;0;243;1;1;1;1
VL;A432-3;S1;0;563;1;1;1;1
VL;A432-3;S2;0;448;1;1;1;1
VL;A432-4;E2;0;337;1;1;1;1
VL;A432-4;S1;0;584;1;1;1;1
BAU;A46;1;0;8850;0;0;1;4
VL;A46;1;0;8850;1;2;2;4
VR;A46;1;0;8850;2;2;3;4
BDG;A46;1;0;8850;0;0;4;4
BAU;A46;1;8850;10240;0;0;1;5
EE;A46;1;8850;10240;1;3;2;5
VL;A46;1;8850;10240;2;3;3;5
VR;A46;1;8850;10240;3;3;4;5
BDG;A46;1;8850;10240;0;0;5;5
BAU;A46;1;10240;12300;0;0;1;5
VS;A46;1;10240;12300;1;3;2;5
VL;A46;1;10240;12300;2;3;3;5
VR;A46;1;10240;12300;3;3;4;5
BDG;A46;1;10240;12300;0;0;5;5
BAU;A46;1;12300;12780;0;0;1;5
EE;A46;1;12300;12780;1;3;2;5
VL;A46;1;12300;12780;2;3;3;5
VR;A46;1;12300;12780;3;3;4;5
BDG;A46;1;12300;12780;0;0;5;5
BAU;A46;1;12780;13300;0;0;1;5
EE;A46;1;12780;13300;1;3;2;5
VL;A46;1;12780;13300;2;3;3;5
VR;A46;1;12780;13300;3;3;4;5
BDG;A46;1;12780;13300;0;0;5;5
BAU;A46;1;13300;17800;0;0;1;5
EE;A46;1;13300;17800;1;3;2;5
VL;A46;1;13300;17800;2;3;3;5
VR;A46;1;13300;17800;3;3;4;5
BDG;A46;1;13300;17800;0;0;5;5
BAU;A46;1;17800;23660;0;0;1;4
VL;A46;1;17800;23660;1;2;2;4
VR;A46;1;17800;23660;2;2;3;4
BDG;A46;1;17800;23660;0;0;4;4
BAU;A46;1;23660;25768;0;0;1;5
VL;A46;1;23660;25768;1;3;2;5
VM1;A46;1;23660;25768;2;3;3;5
VR;A46;1;23660;25768;3;3;4;5
BDG;A46;1;23660;25768;0;0;5;5
BAU;A46;2;0;8850;0;0;1;4
VL;A46;2;0;8850;1;2;2;4
VR;A46;2;0;8850;2;2;3;4
BDG;A46;2;0;8850;0;0;4;4
BAU;A46;2;8850;17100;0;0;1;5
EE;A46;2;8850;17100;1;3;2;5
VL;A46;2;8850;17100;2;3;3;5
VR;A46;2;8850;17100;3;3;4;5
BDG;A46;2;8850;17100;0;0;5;5
BAU;A46;2;17100;22475;0;0;1;4
VL;A46;2;17100;22475;1;2;2;4
VR;A46;2;17100;22475;2;2;3;4
BDG;A46;2;17100;22475;0;0;4;4
BAU;A46;2;22475;22696;0;0;1;5
VL;A46;2;22475;22696;1;3;2;5
VM1;A46;2;22475;22696;2;3;3;5
VR;A46;2;22475;22696;3;3;4;5
BDG;A46;2;22475;22696;0;0;5;5
VL;A46;2;22696;23660;1;3;1;4
