LIAISON_INF__LIAISON;CHAUSSEE_INF__SENS;ABS_DEB;ABS_FIN;CD_VOIE_INF__VOIE;LARGEUR;DATE_MS
A42-A46;E1;0;863;VL;4.5;01/01/1900 00:00:00
A42-A46;S2;0;588;VL;4.5;01/01/1900 00:00:00
A42-A432;E1;0;1037;VL;4.5;01/01/1900 00:00:00
A42-A432;E2;0;1342;VL;4.5;01/01/1900 00:00:00
A42-A432;E3;0;1921;VL;4.5;01/01/1900 00:00:00
A42-A432;S1;0;1266;VL;4.5;01/01/1900 00:00:00
A42-A432;S2;0;1690;VL;4.5;01/01/1900 00:00:00
A42-A432;S4;0;740;VL;4.5;01/01/1900 00:00:00
A5-A10;E1;0;1855;VL;4.5;01/01/1900 00:00:00
A5-A10;S2;0;844;VL;4.5;01/01/1900 00:00:00
A5-A19;E1;0;958;VL;4.5;01/01/1900 00:00:00
A5-A19;S2;0;1935;VL;4.5;01/01/1900 00:00:00
A5-A26;E2;0;917;VL;4.5;01/01/1900 00:00:00
A5-A26;S2;0;876;VL;4.5;01/01/1900 00:00:00
A5-A31;E2;0;844;VL;4.5;01/01/1900 00:00:00
A5-A31;S2;0;2592;VL;4.5;01/01/1900 00:00:00
A5A-N104;E1;0;862;VL;4.5;01/01/1900 00:00:00
A5A-N104;S2;0;1404;VL;4.5;01/01/1900 00:00:00
A6-A31;E2;0;1155;VL;4.5;01/01/1900 00:00:00
A6-A19;S1;0;1437;VL;4.5;01/01/1900 00:00:00
A6-A19;S2;0;2794;VL;4.5;01/01/1900 00:00:00
A6-A31;S1;0;1963;VL;4.5;01/01/1900 00:00:00
A71-A714;E2;0;632;VL;4.5;01/01/1900 00:00:00
A71-A714;S1;0;371;VL;4.5;01/01/1900 00:00:00
A71-A719;E2;0;731;VL;4.5;01/01/1900 00:00:00
A71-A719;S1;0;582;VL;4.5;01/01/1900 00:00:00
A19-A77;E1;0;358;VL;4.5;01/01/1900 00:00:00
A19-A77;E2;0;372;VL;4.5;01/01/1900 00:00:00
A19-A77;S1;0;329;VL;4.5;01/01/1900 00:00:00
A19-A77;S2;0;410;VL;4.5;01/01/1900 00:00:00
A71-A89;E1;0;776;VL;4.5;01/01/1900 00:00:00
A71-A89;E2;0;1273;VL;4.5;01/01/1900 00:00:00
A71-A89;S1;0;809;VL;4.5;01/01/1900 00:00:00
A71-A89;S2;0;1378;VL;4.5;01/01/1900 00:00:00
A71-A711;E1;0;663;VL;4.5;01/01/1900 00:00:00
A71-A711;E2;0;492;VL;4.5;01/01/1900 00:00:00
A71-A711;S1;0;828;VL;4.5;01/01/1900 00:00:00
A71-A711;S2;0;403;VL;4.5;01/01/1900 00:00:00
A71-A710;E1;0;516;VL;4.5;01/01/1900 00:00:00
A71-A710;E2;0;1194;VL;4.5;01/01/1900 00:00:00
A71-A710;E4;0;1150;VL;4.5;01/01/1900 00:00:00
A71-A710;S1;0;1952;VL;4.5;01/01/1900 00:00:00
A71-A710;S2;0;457;VL;4.5;01/01/1900 00:00:00
A71-A710;S3;0;720;VL;4.5;01/01/1900 00:00:00
A105-12.a;E1;0;429;VL;4.5;01/01/1900 00:00:00
A105-11;E2;0;370;VL;4.5;01/01/1900 00:00:00
A105-11;S1;0;580;VL;4.5;01/01/1900 00:00:00
A105-12.a;S1;0;617;VL;4.5;01/01/1900 00:00:00
A105-12.b;S1;0;478;VL;4.5;01/01/1900 00:00:00
A105-12;E2;0;293;VL;4.5;01/01/1900 00:00:00
A105-12;S2;0;383;VL;4.5;01/01/1900 00:00:00
A105-13;E1;0;455;VL;4.5;01/01/1900 00:00:00
A105-13;E2;0;442;VL;4.5;01/01/1900 00:00:00
A105-13;S1;0;325;VL;4.5;01/01/1900 00:00:00
A105-13;S2;0;509;VL;4.5;01/01/1900 00:00:00
A105-14;E1;0;698;VL;4.5;01/01/1900 00:00:00
A105-14;E2;0;474;VL;4.5;01/01/1900 00:00:00
A105-14;S1;0;556;VL;4.5;01/01/1900 00:00:00
A105-14;S2;0;502;VL;4.5;01/01/1900 00:00:00
A105-Est;S2;0;869;VL;4.5;01/01/1900 00:00:00
A19-1;E1;0;820;VL;4.5;01/01/1900 00:00:00
A19-1;E2;0;689;VL;4.5;01/01/1900 00:00:00
A19-1;S1;0;755;VL;4.5;01/01/1900 00:00:00
A19-1;S2;0;633;VL;4.5;01/01/1900 00:00:00
A19-2;E1;0;877;VL;4.5;01/01/1900 00:00:00
A19-2;E2;0;689;VL;4.5;01/01/1900 00:00:00
A19-2;S1;0;1064;VL;4.5;01/01/1900 00:00:00
A26-23;E1;0;823;VL;4.5;01/01/1900 00:00:00
A26-23;E2;0;819;VL;4.5;01/01/1900 00:00:00
A26-23;S1;0;891;VL;4.5;01/01/1900 00:00:00
A26-23;S2;0;858;VL;4.5;01/01/1900 00:00:00
A31-6;E1;0;853;VL;4.5;01/01/1900 00:00:00
A31-6;E2;0;725;VL;4.5;01/01/1900 00:00:00
A31-6;S1;0;802;VL;4.5;01/01/1900 00:00:00
A31-6;S2;0;843;VL;4.5;01/01/1900 00:00:00
A31-1;E1;0;761;VL;4.5;01/01/1900 00:00:00
A31-1;E2;0;334;VL;4.5;01/01/1900 00:00:00
A31-1;S1;0;1019;VL;4.5;01/01/1900 00:00:00
A31-1;S2;0;406;VL;4.5;01/01/1900 00:00:00
A31-10;E1;0;411;VL;4.5;01/01/1900 00:00:00
A31-10;E2;0;371;VL;4.5;01/01/1900 00:00:00
A31-10;S1;0;501;VL;4.5;01/01/1900 00:00:00
A31-10;S2;0;443;VL;4.5;01/01/1900 00:00:00
A31-11;E1;0;501;VL;4.5;01/01/1900 00:00:00
A31-11;E2;0;929;VL;4.5;01/01/1900 00:00:00
A31-11;S1;0;745;VL;4.5;01/01/1900 00:00:00
A31-11;S2;0;821;VL;4.5;01/01/1900 00:00:00
A31-12;E2;0;486;VL;4.5;01/01/1900 00:00:00
A31-12;S1;0;1137;VL;4.5;01/01/1900 00:00:00
A31-4;E1;0;1666;VL;4.5;01/01/1900 00:00:00
A31-4;E2;0;572;VL;4.5;01/01/1900 00:00:00
A31-4;S1;0;744;VL;4.5;01/01/1900 00:00:00
A31-4;S2;0;1065;VL;4.5;01/01/1900 00:00:00
A31-5;E1;0;889;VL;4.5;01/01/1900 00:00:00
A31-5;E2;0;1100;VL;4.5;01/01/1900 00:00:00
A31-5;S1;0;913;VL;4.5;01/01/1900 00:00:00
A31-5;S2;0;1079;VL;4.5;01/01/1900 00:00:00
A31-7;E1;0;732;VL;4.5;01/01/1900 00:00:00
A31-7;E2;0;1113;VL;4.5;01/01/1900 00:00:00
A31-7;S1;0;1559;VL;4.5;01/01/1900 00:00:00
A31-7;S2;0;491;VL;4.5;01/01/1900 00:00:00
A31-8;E1;0;1088;VL;4.5;01/01/1900 00:00:00
A31-8;E2;0;334;VL;4.5;01/01/1900 00:00:00
A31-8;S1;0;1247;VL;4.5;01/01/1900 00:00:00
A31-8;S2;0;440;VL;4.5;01/01/1900 00:00:00
A31-8.1;E1;0;738;VL;4.5;01/01/1900 00:00:00
A31-8.1;E2;0;685;VL;4.5;01/01/1900 00:00:00
A31-8.1;S1;0;502;VL;4.5;01/01/1900 00:00:00
A31-8.1;S2;0;673;VL;4.5;01/01/1900 00:00:00
A31-9;E1;0;480;VL;4.5;01/01/1900 00:00:00
A31-9;E2;0;811;VL;4.5;01/01/1900 00:00:00
A31-9;S1;0;628;VL;4.5;01/01/1900 00:00:00
A31-9;S2;0;850;VL;4.5;01/01/1900 00:00:00
A36-1;E1;0;756;VL;4.5;01/01/1900 00:00:00
A36-9;E1;0;956;VL;4.5;01/01/1900 00:00:00
A36-9;E2;0;488;VL;4.5;01/01/1900 00:00:00
A36-1;E2;0;291;VL;4.5;01/01/1900 00:00:00
A36-9;S1;0;597;VL;4.5;01/01/1900 00:00:00
A36-1;S1;0;848;VL;4.5;01/01/1900 00:00:00
A36-1;S2;0;346;VL;4.5;01/01/1900 00:00:00
A36-9;S2;0;748;VL;4.5;01/01/1900 00:00:00
A36-10;E1;0;194;VL;4.5;01/01/1900 00:00:00
A36-10;E2;0;227;VL;4.5;01/01/1900 00:00:00
A36-10;S1;0;352;VL;4.5;01/01/1900 00:00:00
A36-10;S2;0;328;VL;4.5;01/01/1900 00:00:00
A36-11;E1;0;347;VL;4.5;01/01/1900 00:00:00
A36-11;E2;0;331;VL;4.5;01/01/1900 00:00:00
A36-11;S1;0;389;VL;4.5;01/01/1900 00:00:00
A36-11;S2;0;200;VL;4.5;01/01/1900 00:00:00
A36-12;E1;0;230;VL;4.5;01/01/1900 00:00:00
A36-12;E2;0;386;VL;4.5;01/01/1900 00:00:00
A36-12;S1;0;310;VL;4.5;01/01/1900 00:00:00
A36-12;S2;0;542;VL;4.5;01/01/1900 00:00:00
A36-12;S4;0;455;VL;4.5;01/01/1900 00:00:00
A36-13;E1;0;346;VL;4.5;01/01/1900 00:00:00
A36-13;E2;0;331;VL;4.5;01/01/1900 00:00:00
A36-13;S1;0;475;VL;4.5;01/01/1900 00:00:00
A36-13;S2;0;239;VL;4.5;01/01/1900 00:00:00
A36-14;E1;0;354;VL;4.5;01/01/1900 00:00:00
A36-14;E2;0;355;VL;4.5;01/01/1900 00:00:00
A36-14;E3;0;412;VL;4.5;01/01/1900 00:00:00
A36-14;E4;0;543;VL;4.5;01/01/1900 00:00:00
A36-14;S1;0;456;VL;4.5;01/01/1900 00:00:00
A36-14;S2;0;378;VL;4.5;01/01/1900 00:00:00
A36-14.1;E1;0;214;VL;4.5;01/01/1900 00:00:00
A36-14.1;E2;0;664;VL;4.5;01/01/1900 00:00:00
A36-14.1;S1;0;429;VL;4.5;01/01/1900 00:00:00
A36-14.1;S2;0;251;VL;4.5;01/01/1900 00:00:00
A36-15;E1;0;439;VL;4.5;01/01/1900 00:00:00
A36-15;E2;0;731;VL;4.5;01/01/1900 00:00:00
A36-15;S1;0;790;VL;4.5;01/01/1900 00:00:00
A36-15;S2;0;208;VL;4.5;01/01/1900 00:00:00
A36-16;E1;0;539;VL;4.5;01/01/1900 00:00:00
A36-16;S2;0;488;VL;4.5;01/01/1900 00:00:00
A36-2;E1;0;1009;VL;4.5;01/01/1900 00:00:00
A36-2;E2;0;699;VL;4.5;01/01/1900 00:00:00
A36-2;S1;0;1094;VL;4.5;01/01/1900 00:00:00
A36-2;S2;0;464;VL;4.5;01/01/1900 00:00:00
A36-2.1;E1;0;1013;VL;4.5;01/01/1900 00:00:00
A36-2.1;E2;0;221;VL;4.5;01/01/1900 00:00:00
A36-2.1;S1;0;1173;VL;4.5;01/01/1900 00:00:00
A36-2.1;S2;0;503;VL;4.5;01/01/1900 00:00:00
A36-3;E1;0;713;VL;4.5;01/01/1900 00:00:00
A36-3;E2;0;234;VL;4.5;01/01/1900 00:00:00
A36-3;S1;0;672;VL;4.5;01/01/1900 00:00:00
A36-3;S2;0;555;VL;4.5;01/01/1900 00:00:00
A36-4;E1;0;982;VL;4.5;01/01/1900 00:00:00
A36-4;E2;0;420;VL;4.5;01/01/1900 00:00:00
A36-4;S1;0;951;VL;4.5;01/01/1900 00:00:00
A36-4;S2;0;688;VL;4.5;01/01/1900 00:00:00
A36-4.1;E1;0;911;VL;4.5;01/01/1900 00:00:00
A36-4.1;E2;0;368;VL;4.5;01/01/1900 00:00:00
A36-4.1;S1;0;980;VL;4.5;01/01/1900 00:00:00
A36-4.1;S2;0;402;VL;4.5;01/01/1900 00:00:00
A36-5;E1;0;581;VL;4.5;01/01/1900 00:00:00
A36-5;E2;0;511;VL;4.5;01/01/1900 00:00:00
A36-5;S1;0;676;VL;4.5;01/01/1900 00:00:00
A36-5;S2;0;451;VL;4.5;01/01/1900 00:00:00
A36-6;E1;0;957;VL;4.5;01/01/1900 00:00:00
A36-6;E2;0;293;VL;4.5;01/01/1900 00:00:00
A36-6;S1;0;606;VL;4.5;01/01/1900 00:00:00
A36-6;S2;0;681;VL;4.5;01/01/1900 00:00:00
A36-6.1;E1;0;337;VL;4.5;01/01/1900 00:00:00
A36-6.1;E2;0;359;VL;4.5;01/01/1900 00:00:00
A36-6.1;S1;0;343;VL;4.5;01/01/1900 00:00:00
A36-6.1;S2;0;474;VL;4.5;01/01/1900 00:00:00
A36-7;E1;0;343;VL;4.5;01/01/1900 00:00:00
A36-7;E2;0;115;VL;4.5;01/01/1900 00:00:00
A36-7;S1;0;314;VL;4.5;01/01/1900 00:00:00
A36-7;S2;0;226;VL;4.5;01/01/1900 00:00:00
A36-8;E1;0;494;VL;4.5;01/01/1900 00:00:00
A36-8;E2;0;746;VL;4.5;01/01/1900 00:00:00
A36-8;S1;0;499;VL;4.5;01/01/1900 00:00:00
A36-8;S2;0;821;VL;4.5;01/01/1900 00:00:00
A39-1;E1;0;584;VL;4.5;01/01/1900 00:00:00
A39-1;S2;0;408;VL;4.5;01/01/1900 00:00:00
A39-10;E1;0;360;VL;4.5;01/01/1900 00:00:00
A39-10;E2;0;631;VL;4.5;01/01/1900 00:00:00
A39-10;S1;0;680;VL;4.5;01/01/1900 00:00:00
A39-10;S2;0;824;VL;4.5;01/01/1900 00:00:00
A391-7;E2;0;403;VL;4.5;01/01/1900 00:00:00
A391-7;S1;0;282;VL;4.5;01/01/1900 00:00:00
A432;1;0;11655;VL;3.5;30/06/2010 00:00:00
A719;2;970;2469;BAU;3.5;01/06/1986 00:00:00
A6;1;51010;179349;VL;3.5;05/01/1964 00:00:00
A719;2;970;2469;BDG;3.5;01/06/1986 00:00:00
A6;2;304604;305200;VM2;3.5;13/06/1968 00:00:00
A6;2;304604;305200;VM3;3.5;13/06/1968 00:00:00
A432;1;0;11655;VR;3.5;30/06/2010 00:00:00
A432;1;0;11655;BAU;3.5;30/06/2010 00:00:00
A6;2;305200;306350;BAU;3.5;13/06/1968 00:00:00
A6;1;51010;55580;BAU;3.5;05/01/1964 00:00:00
A6;2;305200;306350;BDG;3.5;13/06/1968 00:00:00
A6;2;305200;306350;VM1;3.5;13/06/1968 00:00:00
A6;1;51010;55580;BDG;3.5;05/01/1964 00:00:00
A6;1;51010;81450;VR;3.5;05/01/1964 00:00:00
A432;1;0;11655;BDG;3.5;30/06/2010 00:00:00
A432;2;0;11655;VL;3.5;30/06/2010 00:00:00
A432;2;0;11655;VR;3.5;30/06/2010 00:00:00
A432;2;0;11655;BAU;3.5;30/06/2010 00:00:00
A432;2;0;11655;BDG;3.5;30/06/2010 00:00:00
A406;1;121;10385;VL;3.5;30/11/2010 00:00:00
A406;1;121;10385;VR;3.5;30/11/2010 00:00:00
A6;1;55580;55690;BAU;3.5;02/03/1977 00:00:00
A6;1;55580;55690;BDG;3.5;02/03/1977 00:00:00
A406;2;121;9431;VR;3.5;30/11/2010 00:00:00
A406;2;121;9431;VL;3.5;30/11/2010 00:00:00
A6;2;305200;306350;VM2;3.5;13/06/1968 00:00:00
A406;2;121;9431;BAU;3.5;30/11/2010 00:00:00
A6;2;306350;354900;VL;3.5;13/06/1968 00:00:00
A6;2;306350;312000;BAU;3.5;13/06/1968 00:00:00
A6;2;306350;312000;BDG;3.5;13/06/1968 00:00:00
A6;2;306350;312000;VM1;3.5;13/06/1968 00:00:00
A406;2;121;9431;BDG;3.5;30/11/2010 00:00:00
A406;1;121;10385;BDG;3.5;30/11/2010 00:00:00
A6;2;312000;326850;BAU;3.5;13/06/1968 00:00:00
A6;2;312000;326850;BDG;3.5;13/06/1968 00:00:00
A6;2;312000;326850;VM1;3.5;13/06/1968 00:00:00
A6;2;312000;326850;VR;3.5;14/04/1984 00:00:00
A406;1;121;10385;BAU;3.5;30/11/2010 00:00:00
A6;2;326850;335060;BAU;3.5;13/06/1968 00:00:00
A719;2;970;2469;VR;3.5;01/06/1986 00:00:00
A6;2;326850;335060;BDG;3.5;13/06/1968 00:00:00
A432;1;8710;11810;VS;3.5;30/06/2010 00:00:00
A719;2;2469;8200;VL;3.5;03/06/1997 00:00:00
A719;2;2469;8200;VR;3.5;03/06/1997 00:00:00
A6;2;326850;335060;VM1;3.5;13/06/1968 00:00:00
A6;2;326850;335060;VR;3.5;07/10/1983 00:00:00
A719;2;8200;9730;VL;3.5;03/06/1997 00:00:00
A432;2;7990;11154;VS;3.5;30/06/2010 00:00:00
A6;2;335060;354900;BAU;3.5;13/06/1968 00:00:00
A6;1;55690;55850;BAU;3.5;05/01/1964 00:00:00
A6;2;335060;354900;BDG;3.5;13/06/1968 00:00:00
A6;2;335060;354900;VM1;3.5;13/06/1968 00:00:00
A6;2;335060;354900;VR;3.5;16/09/1988 00:00:00
A6;2;354900;380300;VL;3.5;02/11/1970 00:00:00
A6;2;354900;355420;BAU;3.5;02/11/1970 00:00:00
A77;1;800;5080;VL;3.5;06/01/1970 00:00:00
A6;2;354900;355420;BDG;3.5;02/11/1970 00:00:00
A77;1;800;5080;BAU;3.5;06/01/1970 00:00:00
A6;2;354900;355420;VM1;3.5;02/11/1970 00:00:00
A6;2;354900;355420;VR;3.5;17/04/1985 00:00:00
A77;1;800;5080;BDG;3.5;06/01/1970 00:00:00
A6;1;55690;55850;BDG;3.5;05/01/1964 00:00:00
A6;2;355420;367900;BAU;3.5;02/11/1970 00:00:00
A77;1;800;5080;VR;3.5;06/01/1970 00:00:00
A77;1;5080;67900;VL;3.5;17/11/1999 00:00:00
A6;2;355420;367900;BDG;3.5;02/11/1970 00:00:00
A6;2;355420;367900;VM1;3.5;02/11/1970 00:00:00
A6;2;355420;367900;VR;3.5;19/09/1985 00:00:00
A77;1;5080;67900;VR;3.5;17/11/1999 00:00:00
A6;2;367900;380300;BAU;3.5;02/11/1970 00:00:00
A6;1;55850;55910;BAU;3.5;02/03/1977 00:00:00
A6;2;367900;380300;BDG;3.5;02/11/1970 00:00:00
A6;2;367900;380300;VM1;3.5;02/11/1970 00:00:00
A77;1;67900;100392;VL;3.5;19/06/2000 00:00:00
A77;1;67900;100392;VR;3.5;19/06/2000 00:00:00
A6;2;367900;380300;VR;3.5;14/02/1986 00:00:00
A6;1;55850;55910;BDG;3.5;02/03/1977 00:00:00
A105;2;0;10091;VL;3.5;25/11/1994 00:00:00
A6;2;380300;421000;VL;3.5;06/01/1969 00:00:00
A6;2;380300;381080;BAU;3.5;06/01/1969 00:00:00
A6;2;380300;381080;BDG;3.5;06/01/1969 00:00:00
A6;2;380300;381080;VM1;3.5;06/01/1969 00:00:00
A6;2;380300;381080;VR;3.5;14/02/1986 00:00:00
A6;2;381080;402240;BAU;3.5;06/01/1969 00:00:00
A105;2;0;10091;VR;3.5;25/11/1994 00:00:00
A6;1;55910;70500;BAU;3.5;05/01/1964 00:00:00
A6;1;55910;179349;BDG;3.5;05/01/1964 00:00:00
A6;2;381080;402240;BDG;3.5;06/01/1969 00:00:00
A6;2;381080;402240;VM1;3.5;06/01/1969 00:00:00
A6;2;381080;402240;VR;3.5;11/03/1987 00:00:00
A6;2;402240;421000;BAU;3.5;06/01/1969 00:00:00
A6;2;402240;421000;BDG;3.5;06/01/1969 00:00:00
A6;2;402240;421000;VM1;3.5;06/01/1969 00:00:00
A6;2;402240;421000;VR;3.5;10/03/1988 00:00:00
A6;2;421000;433000;VL;3.5;06/01/1965 00:00:00
A6;2;421000;426400;BAU;3.5;06/01/1965 00:00:00
A6;2;421000;426400;BDG;3.5;06/01/1965 00:00:00
A6;2;421000;426400;VM1;3.5;06/01/1965 00:00:00
A6;1;70500;70700;BAU;3.5;02/03/1977 00:00:00
A6;2;426400;426800;BAU;3.5;06/01/1965 00:00:00
A6;2;426400;426800;BDG;3.5;06/01/1965 00:00:00
A36;1;47000;50040;EE;3.5;08/10/2009 00:00:00
A36;2;47000;50250;EE;3.5;08/10/2009 00:00:00
A31;1;74445;77730;BAU;3.5;17/07/1979 00:00:00
A6;2;426400;426800;VM1;3.5;06/01/1965 00:00:00
A6;2;426400;426800;VR;3.5;04/03/1986 00:00:00
A714;1;0;10462;VL;3.5;29/06/2011 00:00:00
A714;1;0;10462;VR;3.5;29/06/2011 00:00:00
A714;1;0;10462;BAU;3.5;29/06/2011 00:00:00
A6;2;427600;432350;BAU;3.5;06/01/1965 00:00:00
A40;2;102850;116028;VL;3.5;06/01/1989 00:00:00
A40;2;102850;104088;BAU;3.5;06/01/1989 00:00:00
A40;2;102850;104088;BDG;3.5;06/01/1989 00:00:00
A40;2;102850;116028;VR;3.5;06/01/1989 00:00:00
A714;1;0;10462;BDG;3.5;29/06/2011 00:00:00
A40;2;104088;105028;BDG;3.5;06/01/1989 00:00:00
A714;2;0;10092;VL;3.5;29/06/2011 00:00:00
A714;2;0;10092;VR;3.5;29/06/2011 00:00:00
A40;2;105028;106088;BAU;3.5;06/01/1989 00:00:00
A40;2;105028;106088;BDG;3.5;06/01/1989 00:00:00
A714;2;0;10092;BAU;3.5;29/06/2011 00:00:00
A714;2;0;10092;BDG;3.5;29/06/2011 00:00:00
A40;2;106088;106438;BDG;3.5;06/01/1989 00:00:00
A40;2;106438;107228;BAU;3.5;06/01/1989 00:00:00
A40;2;106438;107228;BDG;3.5;06/01/1989 00:00:00
A42;1;4350;4610;VL;3.5;30/06/1993 00:00:00
A42;1;4350;4610;BAU;3.5;30/06/1993 00:00:00
A6;1;70700;153580;BAU;3.5;05/01/1964 00:00:00
A6;2;427600;432350;BDG;3.5;06/01/1965 00:00:00
A6;2;427600;432350;VM1;3.5;06/01/1965 00:00:00
A6;2;427600;432350;VR;3.5;04/03/1986 00:00:00
A6;2;432350;433000;BAU;3.5;06/01/1965 00:00:00
A6;2;432350;433000;BDG;3.5;06/01/1965 00:00:00
A6;2;432350;433000;VR;3.5;06/01/1965 00:00:00
A6;2;433000;445005;VL;3.5;05/01/1968 00:00:00
A6;2;433000;445005;BAU;3.5;05/01/1968 00:00:00
A6;2;433000;445005;BDG;3.5;05/01/1968 00:00:00
A6;2;433000;445005;VR;3.5;05/01/1968 00:00:00
A710W;2;10940;12460;VL;3.5;31/01/1998 00:00:00
A710W;2;10940;12460;BAU;3.5;31/01/1998 00:00:00
A710W;2;10940;12460;BDG;3.5;31/01/1998 00:00:00
A710W;2;10940;12460;VR;3.5;31/01/1998 00:00:00
A719;1;-30;2469;VL;3.5;01/06/1986 00:00:00
A40;2;107228;108489;BDG;3.5;06/01/1989 00:00:00
A40;2;108489;109138;BAU;3.5;06/01/1989 00:00:00
A40;2;108489;109138;BDG;3.5;06/01/1989 00:00:00
A42;1;4350;4610;BDG;3.5;30/06/1993 00:00:00
A42;1;4350;4610;VM1;3.5;30/06/1993 00:00:00
A42;1;4350;4610;VR;3.5;30/06/1993 00:00:00
A42;1;4610;8400;VL;3.5;05/01/1983 00:00:00
A42;1;4610;4613;BAU;3.5;05/01/1983 00:00:00
A42;1;4610;4613;BDG;3.5;05/01/1983 00:00:00
A42;1;4610;4613;VM1;3.5;05/01/1983 00:00:00
A42;1;4610;4613;VR;3.5;26/06/1993 00:00:00
A42;1;4613;7950;BAU;3.5;05/01/1983 00:00:00
A42;1;4613;7950;BDG;3.5;05/01/1983 00:00:00
A42;1;4613;7950;VM1;3.5;05/01/1983 00:00:00
A42;1;4613;7950;VR;3.5;17/04/1993 00:00:00
A42;1;7950;8400;BAU;3.5;05/01/1983 00:00:00
A42;1;7950;8400;BDG;3.5;05/01/1983 00:00:00
A42;1;7950;8400;VM1;3.5;05/01/1983 00:00:00
A42;1;7950;8400;VR;3.5;07/06/1993 00:00:00
A42;1;8400;8600;VL;3.5;03/06/1993 00:00:00
A42;1;8400;8600;BAU;3.5;03/06/1993 00:00:00
A42;1;8400;8600;BDG;3.5;03/06/1993 00:00:00
A42;1;8400;8600;VM1;3.5;03/06/1993 00:00:00
A42;1;8400;8600;VR;3.5;03/06/1993 00:00:00
A40;2;109138;109588;BDG;3.5;06/01/1989 00:00:00
A40;2;109588;110328;BAU;3.5;06/01/1989 00:00:00
A40;2;109588;110328;BDG;3.5;06/01/1989 00:00:00
A40;2;110328;110538;BDG;3.5;06/01/1989 00:00:00
A40;2;110538;112338;BAU;3.5;06/01/1989 00:00:00
A40;2;110538;112338;BDG;3.5;06/01/1989 00:00:00
A40;2;112338;112868;BDG;3.5;06/01/1989 00:00:00
A42;1;8600;33450;VL;3.5;05/01/1983 00:00:00
A42;1;8600;9300;BAU;3.5;05/01/1983 00:00:00
A42;1;8600;9300;BDG;3.5;05/01/1983 00:00:00
A42;1;8600;9300;VM1;3.5;05/01/1983 00:00:00
A42;1;8600;9300;VR;3.5;07/06/1993 00:00:00
A42;1;10050;10100;EI;3.5;01/12/2006 00:00:00
A719;1;-30;2469;BAU;3.5;01/06/1986 00:00:00
A719;1;-30;2469;BDG;3.5;01/06/1986 00:00:00
A719;1;-30;2469;VR;3.5;01/06/1986 00:00:00
A719;1;2469;8200;VL;3.5;03/06/1997 00:00:00
A719;1;2469;8200;VR;3.5;03/06/1997 00:00:00
A719;1;8200;8707;VL;3.5;03/06/1997 00:00:00
A42;1;10100;25000;BAU;3.5;05/01/1983 00:00:00
A42;1;10100;25000;BDG;3.5;05/01/1983 00:00:00
A6;1;81450;110000;VR;3.5;05/01/1964 00:00:00
A6;1;110000;133000;VR;3.5;05/09/1993 00:00:00
A6;1;110000;133000;EI;3.5;31/08/1993 00:00:00
A6;1;133000;179349;VR;3.5;05/01/1964 00:00:00
A6;1;153580;154220;BAU;3.5;30/06/2004 00:00:00
A6;1;153580;156050;EE;3.5;30/06/2004 00:00:00
A6;1;154220;154320;BAU;3.5;30/06/2004 00:00:00
A6;1;154320;156050;BAU;3.5;30/06/2004 00:00:00
A6;1;156050;157590;BAU;3.5;30/06/2004 00:00:00
A6;1;156050;157590;VS;3.5;05/01/1964 00:00:00
A42;1;10100;25000;EI;3.5;01/12/2006 00:00:00
A42;1;10100;33450;VR;3.5;05/01/1983 00:00:00
A42;1;25000;26410;BAU;3.5;05/01/1983 00:00:00
A6;1;157590;165880;BAU;3.5;05/01/1964 00:00:00
A40;2;112868;113268;BAU;3.5;06/01/1989 00:00:00
A40;2;112868;113268;BDG;3.5;06/01/1989 00:00:00
A40;2;113268;114538;BDG;3.5;06/01/1989 00:00:00
A40;2;114538;114948;BAU;3.5;06/01/1989 00:00:00
A404-10;S2;0;202;VL;4.5;01/01/1900 00:00:00
A404-12;E2;0;392;VL;4.5;01/01/1900 00:00:00
A404-12;S1;0;328;VL;4.5;01/01/1900 00:00:00
A404-9;E1;0;581;VL;4.5;01/01/1900 00:00:00
A404-9;E2;0;399;VL;4.5;01/01/1900 00:00:00
A404-9;S1;0;491;VL;4.5;01/01/1900 00:00:00
A404-9;S2;0;603;VL;4.5;01/01/1900 00:00:00
A40-5;E1;0;890;VL;4.5;01/01/1900 00:00:00
A40-5;E2;0;464;VL;4.5;01/01/1900 00:00:00
A40-5;S1;0;1081;VL;4.5;01/01/1900 00:00:00
A40-5;S2;0;564;VL;4.5;01/01/1900 00:00:00
A40-6;E1;0;820;VL;4.5;01/01/1900 00:00:00
A40-6;E2;0;792;VL;4.5;01/01/1900 00:00:00
A40-6;S1;0;1049;VL;4.5;01/01/1900 00:00:00
A40-6;S2;0;479;VL;4.5;01/01/1900 00:00:00
A406-1;E2;0;911;VL;4.5;01/01/1900 00:00:00
A406-1;S1;0;1002;VL;4.5;01/01/1900 00:00:00
A406-2;E1;0;438;VL;4.5;01/01/1900 00:00:00
A406-2;S2;0;820;VL;4.5;01/01/1900 00:00:00
A40-7;E1;0;846;VL;4.5;01/01/1900 00:00:00
A40-7;E2;0;806;VL;4.5;01/01/1900 00:00:00
A40-7;S1;0;1231;VL;4.5;01/01/1900 00:00:00
A40-7;S2;0;550;VL;4.5;01/01/1900 00:00:00
A40-8;E1;0;516;VL;4.5;01/01/1900 00:00:00
A40-8;E2;0;952;VL;4.5;01/01/1900 00:00:00
A40-8;S1;0;1400;VL;4.5;01/01/1900 00:00:00
A40-8;S2;0;409;VL;4.5;01/01/1900 00:00:00
A40-9;E1;0;1037;VL;4.5;01/01/1900 00:00:00
A40-9;E2;0;1310;VL;4.5;01/01/1900 00:00:00
A40-9;S1;0;556;VL;4.5;01/01/1900 00:00:00
A40-9;S2;0;668;VL;4.5;01/01/1900 00:00:00
A42-4;E1;0;383;VL;4.5;01/01/1900 00:00:00
A42-4;E2;0;371;VL;4.5;01/01/1900 00:00:00
A42-4;S1;0;343;VL;4.5;01/01/1900 00:00:00
A42-4;S2;0;487;VL;4.5;01/01/1900 00:00:00
A42-5;E1;0;1001;VL;4.5;01/01/1900 00:00:00
A42-5;E2;0;520;VL;4.5;01/01/1900 00:00:00
A42-5;S1;0;983;VL;4.5;01/01/1900 00:00:00
A42-5;S2;0;366;VL;4.5;01/01/1900 00:00:00
A42-5.1;E1;0;495;VL;4.5;01/01/1900 00:00:00
A42-5.1;E2;0;494;VL;4.5;01/01/1900 00:00:00
A42-5.1;S1;0;1096;VL;4.5;01/01/1900 00:00:00
A42-5.1;S2;0;389;VL;4.5;01/01/1900 00:00:00
A42-6;E1;0;595;VL;4.5;01/01/1900 00:00:00
A42-6;E2;0;578;VL;4.5;01/01/1900 00:00:00
A42-6;S1;0;847;VL;4.5;01/01/1900 00:00:00
A42-6;S2;0;845;VL;4.5;01/01/1900 00:00:00
A42-7;E1;0;604;VL;4.5;01/01/1900 00:00:00
A42-7;E2;0;786;VL;4.5;01/01/1900 00:00:00
A42-7;S1;0;906;VL;4.5;01/01/1900 00:00:00
A42-7;S2;0;754;VL;4.5;01/01/1900 00:00:00
A42-8;E1;0;674;VL;4.5;01/01/1900 00:00:00
A42-8;E2;0;693;VL;4.5;01/01/1900 00:00:00
A42-8;S1;0;482;VL;4.5;01/01/1900 00:00:00
A42-8;S2;0;845;VL;4.5;01/01/1900 00:00:00
A42-9;E1;0;609;VL;4.5;01/01/1900 00:00:00
A42-9;E2;0;604;VL;4.5;01/01/1900 00:00:00
A42-9;S1;0;524;VL;4.5;01/01/1900 00:00:00
A42-9;S2;0;943;VL;4.5;01/01/1900 00:00:00
A432-3;E1;0;329;VL;4.5;01/01/1900 00:00:00
A432-3;E2;0;243;VL;4.5;01/01/1900 00:00:00
A432-3;S1;0;563;VL;4.5;01/01/1900 00:00:00
A432-3;S2;0;448;VL;4.5;01/01/1900 00:00:00
A432-4;E2;0;337;VL;4.5;01/01/1900 00:00:00
A432-4;S1;0;584;VL;4.5;01/01/1900 00:00:00
A46-1;E2;0;340;VL;4.5;01/01/1900 00:00:00
A46-1;S1;0;335;VL;4.5;01/01/1900 00:00:00
A46-2;E1;0;948;VL;4.5;01/01/1900 00:00:00
A46-2;E2;0;558;VL;4.5;01/01/1900 00:00:00
A46-2;S1;0;661;VL;4.5;01/01/1900 00:00:00
A46-2;S2;0;1206;VL;4.5;01/01/1900 00:00:00
A46-2.1;E1;0;938;VL;4.5;01/01/1900 00:00:00
A46-2.1;S2;0;437;VL;4.5;01/01/1900 00:00:00
A46-3;E1;0;499;VL;4.5;01/01/1900 00:00:00
A46-3;E2;0;320;VL;4.5;01/01/1900 00:00:00
A46-3;S1;0;498;VL;4.5;01/01/1900 00:00:00
A46-3;S2;0;760;VL;4.5;01/01/1900 00:00:00
A46-4;E1;0;628;VL;4.5;01/01/1900 00:00:00
A46-4;E2;0;247;VL;4.5;01/01/1900 00:00:00
A46-4;S1;0;363;VL;4.5;01/01/1900 00:00:00
A46-4;S2;0;349;VL;4.5;01/01/1900 00:00:00
A5A-10.a;E2;0;580;VL;4.5;01/01/1900 00:00:00
A5A-10.a;S1;0;479;VL;4.5;01/01/1900 00:00:00
A5A;1;0;672;COL;4.5;01/01/1900 00:00:00
A5A;2;0;1355;COL;4.5;01/01/1900 00:00:00
A5A-10.b;E1;0;465;VL;4.5;01/01/1900 00:00:00
A5A-10.b;E2;0;256;VL;4.5;01/01/1900 00:00:00
A5A-10.b;S1;0;488;VL;4.5;01/01/1900 00:00:00
A5A-10.b;S2;0;258;VL;4.5;01/01/1900 00:00:00
A5A-10.c;E1;0;267;VL;4.5;01/01/1900 00:00:00
A5A-10.c;E2;0;468;VL;4.5;01/01/1900 00:00:00
A5A-10.c;S1;0;274;VL;4.5;01/01/1900 00:00:00
A5A-10.c;S2;0;847;VL;4.5;01/01/1900 00:00:00
A5A-11;E2;0;410;VL;4.5;01/01/1900 00:00:00
A5A-11;S1;0;783;VL;4.5;01/01/1900 00:00:00
A5A-12;E2;0;769;VL;4.5;01/01/1900 00:00:00
A5A-12;S1;0;731;VL;4.5;01/01/1900 00:00:00
A5A-13;E1;0;470;VL;4.5;01/01/1900 00:00:00
A5A-13;S2;0;163;VL;4.5;01/01/1900 00:00:00
A71-11;E1;0;325;VL;4.5;01/01/1900 00:00:00
A71-11;E2;0;976;VL;4.5;01/01/1900 00:00:00
A71-11;S1;0;748;VL;4.5;01/01/1900 00:00:00
A71-11;S2;0;800;VL;4.5;01/01/1900 00:00:00
A71-12.1;E1;0;527;VL;4.5;01/01/1900 00:00:00
A71-12.1;E2;0;823;VL;4.5;01/01/1900 00:00:00
A71-12.1;S1;0;334;VL;4.5;01/01/1900 00:00:00
A71-12.1;S2;0;934;VL;4.5;01/01/1900 00:00:00
A71-13;E1;0;424;VL;4.5;01/01/1900 00:00:00
A71-13;E2;0;1320;VL;4.5;01/01/1900 00:00:00
A71-13;S1;0;550;VL;4.5;01/01/1900 00:00:00
A71-13;S2;0;1476;VL;4.5;01/01/1900 00:00:00
A71-16;E1;0;383;VL;4.5;01/01/1900 00:00:00
A71-16;E2;0;410;VL;4.5;01/01/1900 00:00:00
A71-16;S1;0;302;VL;4.5;01/01/1900 00:00:00
A71-16;S2;0;300;VL;4.5;01/01/1900 00:00:00
A714-35;E1;0;58;VL;4.5;01/01/1900 00:00:00
A714-35;E2;0;374;VL;4.5;01/01/1900 00:00:00
A714-35;S1;0;420;VL;4.5;01/01/1900 00:00:00
A714-35;S2;0;65;VL;4.5;01/01/1900 00:00:00
A714-36;E1;0;428;VL;4.5;01/01/1900 00:00:00
A714-36;E2;0;462;VL;4.5;01/01/1900 00:00:00
A714-36;S1;0;468;VL;4.5;01/01/1900 00:00:00
A714-36;S2;0;494;VL;4.5;01/01/1900 00:00:00
A71-7;E1;0;1000;VL;4.5;01/01/1900 00:00:00
A71-7;E2;0;560;VL;4.5;01/01/1900 00:00:00
A71-7;S1;0;769;VL;4.5;01/01/1900 00:00:00
A71-7;S2;0;609;VL;4.5;01/01/1900 00:00:00
A71-8;E1;0;1044;VL;4.5;01/01/1900 00:00:00
A71-8;E2;0;476;VL;4.5;01/01/1900 00:00:00
A71-8;S1;0;994;VL;4.5;01/01/1900 00:00:00
A71-8;S2;0;351;VL;4.5;01/01/1900 00:00:00
A71-9;E1;0;428;VL;4.5;01/01/1900 00:00:00
A71-9;E2;0;836;VL;4.5;01/01/1900 00:00:00
A71-9;S1;0;397;VL;4.5;01/01/1900 00:00:00
A71-9;S2;0;1034;VL;4.5;01/01/1900 00:00:00
A719-13;E2;0;147;VL;4.5;01/01/1900 00:00:00
A719-13;S1;0;385;VL;4.5;01/01/1900 00:00:00
A719-14;E2;0;429;VL;4.5;01/01/1900 00:00:00
A719-14;S2;0;712;VL;4.5;01/01/1900 00:00:00
A77-17;E1;0;312;VL;4.5;01/01/1900 00:00:00
A77-17;E2;0;629;VL;4.5;01/01/1900 00:00:00
A77-17;S1;0;749;VL;4.5;01/01/1900 00:00:00
A77-17;S2;0;408;VL;4.5;01/01/1900 00:00:00
A77-18;E1;0;1175;VL;4.5;01/01/1900 00:00:00
A77-18;E2;0;413;VL;4.5;01/01/1900 00:00:00
A77-18;S1;0;575;VL;4.5;01/01/1900 00:00:00
A77-18;S2;0;760;VL;4.5;01/01/1900 00:00:00
A77-18.1;E2;0;616;VL;4.5;01/01/1900 00:00:00
A77-18.1;S1;0;1063;VL;4.5;01/01/1900 00:00:00
A77-19;E1;0;278;VL;4.5;01/01/1900 00:00:00
A77-19;E2;0;349;VL;4.5;01/01/1900 00:00:00
A77-19;S1;0;348;VL;4.5;01/01/1900 00:00:00
A77-19;S2;0;303;VL;4.5;01/01/1900 00:00:00
A77-20;E1;0;249;VL;4.5;01/01/1900 00:00:00
A77-20;E2;0;928;VL;4.5;01/01/1900 00:00:00
A77-20;S1;0;305;VL;4.5;01/01/1900 00:00:00
A77-20;S2;0;952;VL;4.5;01/01/1900 00:00:00
A77-21;E1;0;325;VL;4.5;01/01/1900 00:00:00
A77-21;E2;0;364;VL;4.5;01/01/1900 00:00:00
A77-21;S1;0;384;VL;4.5;01/01/1900 00:00:00
A77-21;S2;0;422;VL;4.5;01/01/1900 00:00:00
A77-22;E1;0;327;VL;4.5;01/01/1900 00:00:00
A77-22;E2;0;317;VL;4.5;01/01/1900 00:00:00
A77-22;S1;0;348;VL;4.5;01/01/1900 00:00:00
A77-22;S2;0;328;VL;4.5;01/01/1900 00:00:00
A77-22.1;E2;0;307;VL;4.5;01/01/1900 00:00:00
A77-22.1;S1;0;283;VL;4.5;01/01/1900 00:00:00
A26-22;E1;0;810;VL;4.5;01/01/1900 00:00:00
A26-22;E2;0;1214;VL;4.5;01/01/1900 00:00:00
A26-22;S1;0;1021;VL;4.5;01/01/1900 00:00:00
A26-22;S2;0;1407;VL;4.5;01/01/1900 00:00:00
A710W-15;E2;0;258;VL;4.5;01/01/1900 00:00:00
A710W-15;S1;0;212;VL;4.5;01/01/1900 00:00:00
A105-Est;E1;0;508;VL;4.5;01/01/1900 00:00:00
A31-A311;E2;0;1013;VL;4.5;01/01/1900 00:00:00
A31-A311;S1;0;1989;VL;4.5;01/01/1900 00:00:00
A31-A36;E2;0;1431;VL;4.5;01/01/1900 00:00:00
A31-A36;S1;0;1111;VL;4.5;01/01/1900 00:00:00
A31-A39;E1;0;452;VL;4.5;01/01/1900 00:00:00
A31-A39;E2;0;324;VL;4.5;01/01/1900 00:00:00
A31-A39;E3;0;767;VL;4.5;01/01/1900 00:00:00
A31-A39;S1;0;888;VL;4.5;01/01/1900 00:00:00
A31-A39;S2;0;1398;VL;4.5;01/01/1900 00:00:00
A31-A39;S4;0;489;VL;4.5;01/01/1900 00:00:00
A36-A39;E1;0;399;VL;4.5;01/01/1900 00:00:00
A36-A39;E2;0;536;VL;4.5;01/01/1900 00:00:00
A36-A39;E3;0;540;VL;4.5;01/01/1900 00:00:00
A36-A39;E4;0;1658;VL;4.5;01/01/1900 00:00:00
A36-A39;S1;0;1696;VL;4.5;01/01/1900 00:00:00
A36-A39;S2;0;376;VL;4.5;01/01/1900 00:00:00
A36-A39;S3;0;407;VL;4.5;01/01/1900 00:00:00
A36-A39;S4;0;431;VL;4.5;01/01/1900 00:00:00
A39-A391;E1;0;725;VL;4.5;01/01/1900 00:00:00
A39-A391;S2;0;288;VL;4.5;01/01/1900 00:00:00
A39-A40;E2;0;1379;VL;4.5;01/01/1900 00:00:00
A39-A40;S1;0;826;VL;4.5;01/01/1900 00:00:00
A40-A404;E1;0;259;VL;4.5;01/01/1900 00:00:00
A40-A404;E3;0;757;VL;4.5;01/01/1900 00:00:00
A40-A404;S2;0;329;VL;4.5;01/01/1900 00:00:00
A40-A42;E2;0;679;VL;4.5;01/01/1900 00:00:00
A40-A42;S1;0;1637;VL;4.5;01/01/1900 00:00:00
A40;2;114538;114948;BDG;3.5;06/01/1989 00:00:00
A42;1;25000;26410;BDG;3.5;05/01/1983 00:00:00
A42;1;25000;26410;EI;3.5;01/12/2006 00:00:00
A432;1;11655;12290;VL;3.5;05/01/1991 00:00:00
A432;1;11655;12290;BAU;3.5;05/01/1991 00:00:00
A432;1;11655;12290;BDG;3.5;05/01/1991 00:00:00
A432;1;11655;12290;VR;3.5;05/01/1991 00:00:00
A432;1;12650;19920;VL;3.5;05/01/1991 00:00:00
A432;1;12650;19920;BAU;3.5;05/01/1991 00:00:00
A432;1;12650;19920;BDG;3.5;05/01/1991 00:00:00
A432;1;12650;19920;VR;3.5;05/01/1991 00:00:00
A432;1;19920;31400;VL;3.5;30/06/2003 00:00:00
A311;2;27115;30550;BDG;3.5;15/05/1973 00:00:00
A311;2;27115;30550;VR;3.5;15/05/1973 00:00:00
A36;1;0;24000;BAU;3.5;04/10/1974 00:00:00
A36;1;0;24000;BDG;3.5;04/10/1974 00:00:00
A36;1;0;24000;VR;3.5;04/10/1974 00:00:00
A36;1;24601;35350;VL;3.5;04/10/1974 00:00:00
A36;1;24601;35350;BAU;3.5;04/10/1974 00:00:00
A36;1;24601;35350;BDG;3.5;04/10/1974 00:00:00
A36;1;24601;35350;VR;3.5;04/10/1974 00:00:00
A36;1;35350;36500;VL;3.5;05/01/1967 00:00:00
A36;1;35350;36500;BAU;3.5;05/01/1967 00:00:00
A36;1;35350;36500;BDG;3.5;05/01/1967 00:00:00
A432;1;19920;31400;BAU;3.5;30/06/2003 00:00:00
A432;1;19920;31400;BDG;3.5;30/06/2003 00:00:00
A432;1;19920;31400;VR;3.5;30/06/2003 00:00:00
A31;1;74445;77730;BDG;3.5;17/07/1979 00:00:00
A31;1;74445;77730;EE;3.5;30/06/2005 00:00:00
A31;1;74445;77730;VR;3.5;17/07/1979 00:00:00
A31;1;77730;77770;VL;3.5;17/07/1979 00:00:00
A31;1;77730;77770;BAU;3.5;17/07/1979 00:00:00
A31;1;77730;77770;BDG;3.5;17/07/1979 00:00:00
A31;1;77730;77770;EE;3.5;30/06/2005 00:00:00
A31;1;77730;77770;VR;3.5;17/07/1979 00:00:00
A31;1;77730;77770;VS;3.5;27/04/1993 00:00:00
A31;1;77770;79940;VL;3.5;17/07/1979 00:00:00
A31;1;77770;79940;BAU;3.5;17/07/1979 00:00:00
A31;1;77770;79940;BDG;3.5;17/07/1979 00:00:00
A31;1;77770;79940;VR;3.5;17/07/1979 00:00:00
A31;1;77770;79940;VS;3.5;27/04/1993 00:00:00
A31;1;79940;80220;VL;3.5;17/07/1979 00:00:00
A31;1;79940;80220;BAU;3.5;17/07/1979 00:00:00
A31;1;79940;80220;BDG;3.5;17/07/1979 00:00:00
A31;1;79940;80220;EE;3.5;30/06/2005 00:00:00
A31;1;79940;80220;VR;3.5;17/07/1979 00:00:00
A31;1;79940;80220;VS;3.5;27/04/1993 00:00:00
A31;1;80220;83250;VL;3.5;17/07/1979 00:00:00
A31;1;80220;83250;BAU;3.5;17/07/1979 00:00:00
A31;1;80220;83250;BDG;3.5;17/07/1979 00:00:00
A31;1;80220;83250;EE;3.5;30/06/2005 00:00:00
A31;1;80220;83250;VR;3.5;17/07/1979 00:00:00
A19;2;0;4890;BAU;3.5;25/11/1994 00:00:00
A19;2;0;4890;BDG;3.5;25/11/1994 00:00:00
A19;2;0;4890;VL;3.5;25/11/1994 00:00:00
A19;2;0;4890;VR;3.5;25/11/1994 00:00:00
A31;1;83250;86500;VL;3.5;17/07/1979 00:00:00
A19;2;4890;30944;BAU;3.5;08/11/1997 00:00:00
A31;1;83250;86500;BAU;3.5;17/07/1979 00:00:00
A31;1;83250;86500;BDG;3.5;17/07/1979 00:00:00
A31;1;83250;86500;VR;3.5;17/07/1979 00:00:00
A5A;2;0;9422;VL;3.5;01/07/1995 00:00:00
A31;1;86500;88200;VL;3.5;17/07/1979 00:00:00
A31;1;86500;88200;BAU;3.5;17/07/1979 00:00:00
A31;1;86500;88200;BDG;3.5;17/07/1979 00:00:00
A19;2;4890;30944;BDG;3.5;08/11/1997 00:00:00
A31;1;86500;88200;VR;3.5;17/07/1979 00:00:00
A19;2;4890;30944;VL;3.5;08/11/1997 00:00:00
A31;1;88200;91200;VL;3.5;17/07/1979 00:00:00
A5A;2;0;9422;VM1;3.5;01/07/1995 00:00:00
A5A;2;0;9422;VR;3.5;01/07/1995 00:00:00
A19;2;4890;30944;VR;3.5;08/11/1997 00:00:00
A311;2;27115;30550;VL;3.5;15/05/1973 00:00:00
A311;2;27115;30550;BAU;3.5;15/05/1973 00:00:00
A311;2;30130;31230;VL;3.5;15/05/1973 00:00:00
A31;1;88200;91200;BAU;3.5;17/07/1979 00:00:00
A311;2;30130;31230;BAU;3.5;15/05/1973 00:00:00
A311;2;30130;31230;BDG;3.5;15/05/1973 00:00:00
A31;1;88200;91200;BDG;3.5;17/07/1979 00:00:00
A311;2;30130;31230;VR;3.5;15/05/1973 00:00:00
A36;1;0;24000;VL;3.5;04/10/1974 00:00:00
A36;1;35350;36500;VR;3.5;05/01/1967 00:00:00
A36;1;36500;47500;VL;3.5;05/01/1967 00:00:00
A36;1;36500;47500;BAU;3.5;05/01/1967 00:00:00
A36;1;36500;47500;BDG;3.5;05/01/1967 00:00:00
A36;1;36500;47500;VR;3.5;05/01/1967 00:00:00
A31;1;88200;91200;EE;3.5;31/10/2008 00:00:00
A36;1;47500;50050;VL;3.5;05/01/1967 00:00:00
A36;1;47500;50050;BAU;3.5;05/01/1967 00:00:00
A36;1;47500;50050;BDG;3.5;05/01/1967 00:00:00
A36;1;47500;50050;VR;3.5;05/01/1967 00:00:00
A36;1;50050;58334;VL;3.5;04/04/1976 00:00:00
A36;1;50050;58334;BAU;3.5;04/04/1976 00:00:00
A36;1;50050;58334;BDG;3.5;04/04/1976 00:00:00
A36;1;50050;58334;VR;3.5;04/04/1976 00:00:00
A36;1;58334;60598;VL;3.5;04/04/1976 00:00:00
A36;1;58334;60598;BDG;3.5;04/04/1976 00:00:00
A36;1;58334;60598;VR;3.5;04/04/1976 00:00:00
A36;1;58334;60598;VS;3.5;04/04/1976 00:00:00
A36;1;60598;65500;VL;3.5;04/04/1976 00:00:00
A36;1;60598;65500;BAU;3.5;04/04/1976 00:00:00
A36;1;60598;65500;BDG;3.5;04/04/1976 00:00:00
A36;1;60598;65500;VR;3.5;04/04/1976 00:00:00
A36;1;66100;98891;VL;3.5;04/04/1976 00:00:00
A36;1;66100;67754;BAU;3.5;04/04/1976 00:00:00
A36;1;66100;67754;BDG;3.5;04/04/1976 00:00:00
A36;1;66100;98891;VR;3.5;04/04/1976 00:00:00
A36;1;67754;69030;BDG;3.5;04/04/1976 00:00:00
A36;1;67754;69030;VS;3.5;04/04/1976 00:00:00
A36;1;69030;81599;BAU;3.5;04/04/1976 00:00:00
A36;1;69030;81599;BDG;3.5;04/04/1976 00:00:00
A36;1;81599;84338;BDG;3.5;04/04/1976 00:00:00
A36;1;81599;84338;VS;3.5;04/04/1976 00:00:00
A36;1;84338;98891;BAU;3.5;04/04/1976 00:00:00
A36;1;84338;98891;BDG;3.5;04/04/1976 00:00:00
A36;1;98891;133993;VL;3.5;03/06/1977 00:00:00
A36;1;98891;133993;BAU;3.5;03/06/1977 00:00:00
A36;1;98891;133993;BDG;3.5;03/06/1977 00:00:00
A36;1;98891;133993;VR;3.5;03/06/1977 00:00:00
A36;1;133993;149666;VL;3.5;03/04/1978 00:00:00
A36;1;133993;149666;BAU;3.5;03/04/1978 00:00:00
A36;1;133993;149666;BDG;3.5;03/04/1978 00:00:00
A36;1;133993;149666;VR;3.5;03/04/1978 00:00:00
A36;1;149666;181100;VL;3.5;02/05/1978 00:00:00
A36;1;149666;181100;BAU;3.5;02/05/1978 00:00:00
A36;1;149666;181100;BDG;3.5;02/05/1978 00:00:00
A36;1;149666;181100;VR;3.5;02/05/1978 00:00:00
A36;1;181100;196000;VL;3.5;03/06/1978 00:00:00
A36;1;181100;196000;BAU;3.5;03/06/1978 00:00:00
A36;1;181100;196000;BDG;3.5;03/06/1978 00:00:00
A36;1;181100;196000;VR;3.5;03/06/1978 00:00:00
A36;1;196000;216777;VL;3.5;13/04/1978 00:00:00
A36;1;196000;216777;BAU;3.5;13/04/1978 00:00:00
A36;1;196000;216777;BDG;3.5;13/04/1978 00:00:00
A36;1;196000;216777;VR;3.5;13/04/1978 00:00:00
A391;2;0;3600;VL;3.5;31/12/1998 00:00:00
A391;2;0;3600;BAU;2.5;31/12/1998 00:00:00
A391;2;0;3600;BDG;1.5;31/12/1998 00:00:00
A391;2;0;3600;VR;3.5;31/12/1998 00:00:00
A391;2;3600;4277;VL;3.5;31/12/1998 00:00:00
A391;2;3600;4277;BAU;2.5;31/12/1998 00:00:00
A391;2;3600;4277;BDG;1.5;31/12/1998 00:00:00
A432;2;11660;12290;VL;3.5;05/01/1991 00:00:00
A432;2;11660;12290;BAU;3.5;05/01/1991 00:00:00
A432;2;11660;12290;BDG;3.5;05/01/1991 00:00:00
A432;2;11660;12290;VR;3.5;05/01/1991 00:00:00
A432;2;12650;16925;VL;3.5;30/06/2003 00:00:00
A432;2;12650;16925;BAU;3.5;30/06/2003 00:00:00
A432;2;12650;16925;BDG;3.5;30/06/2003 00:00:00
A432;2;12650;16925;VR;3.5;30/06/2003 00:00:00
A432;2;16925;19920;VL;3.5;05/01/1991 00:00:00
A432;2;16925;19920;BAU;3.5;05/01/1991 00:00:00
A432;2;16925;19920;BDG;3.5;05/01/1991 00:00:00
A432;2;16925;19920;VR;3.5;05/01/1991 00:00:00
A432;2;19920;31400;VL;3.5;30/06/2003 00:00:00
A432;2;19920;31400;BAU;3.5;30/06/2003 00:00:00
A432;2;19920;31400;BDG;3.5;30/06/2003 00:00:00
A432;2;19920;31400;VR;3.5;30/06/2003 00:00:00
A46;1;0;8850;VL;3.5;05/01/1991 00:00:00
A46;1;0;8850;BAU;3.5;05/01/1991 00:00:00
A46;1;0;8850;BDG;3.5;05/01/1991 00:00:00
A46;1;0;8850;VR;3.5;05/01/1991 00:00:00
A46;1;8850;10240;VL;3.5;05/01/1991 00:00:00
A46;1;8850;10240;BAU;3.5;05/01/1991 00:00:00
A46;1;8850;10240;BDG;3.5;05/01/1991 00:00:00
A46;1;8850;10240;VR;3.5;05/01/1991 00:00:00
A46;1;8850;10240;EE;3.5;30/06/2007 00:00:00
A46;1;10240;12300;BAU;3.5;25/11/1993 00:00:00
A46;1;10240;12300;BDG;3.5;05/01/1991 00:00:00
A46;1;10240;12300;VL;3.5;05/01/1991 00:00:00
A46;1;10240;12300;VR;3.5;05/01/1991 00:00:00
A46;1;10240;12300;VS;3.5;05/01/1991 00:00:00
A46;1;12300;12780;BAU;3.5;30/06/2006 00:00:00
A46;1;12300;12780;BDG;3.5;05/01/1991 00:00:00
A46;1;12300;12780;EE;3.5;30/06/2006 00:00:00
A46;1;12300;12780;VL;3.5;05/01/1991 00:00:00
A46;1;12300;12780;VR;3.5;05/01/1991 00:00:00
A46;1;12780;13300;VL;3.5;05/01/1991 00:00:00
A46;1;12780;13300;BAU;3.5;30/06/2006 00:00:00
A46;1;12780;13300;BDG;3.5;05/01/1991 00:00:00
A46;1;12780;13300;EE;3.5;30/06/2006 00:00:00
A46;1;12780;13300;VR;3.5;05/01/1991 00:00:00
A46;1;13300;17800;VL;3.5;05/01/1991 00:00:00
A46;1;13300;17800;BAU;3.5;31/10/2006 00:00:00
A46;1;13300;17800;BDG;3.5;05/01/1991 00:00:00
A46;1;13300;17800;EE;3.5;31/10/2006 00:00:00
A46;1;13300;17800;VR;3.5;05/01/1991 00:00:00
A46;1;17800;23660;VL;3.5;05/01/1991 00:00:00
A46;1;17800;23660;BAU;3.5;05/01/1991 00:00:00
A46;1;17800;23660;BDG;3.5;05/01/1991 00:00:00
A46;1;17800;23660;VR;3.5;05/01/1991 00:00:00
A46;1;23660;25768;VL;3.5;06/01/1993 00:00:00
A46;1;23660;25768;BAU;3.5;06/01/1993 00:00:00
A46;1;23660;25768;BDG;3.5;06/01/1993 00:00:00
A46;1;23660;25768;VM1;3.5;06/01/1993 00:00:00
A46;1;23660;25768;VR;3.5;06/01/1993 00:00:00
A5;1;0;1310;VL;3.5;25/11/1994 00:00:00
A5;1;0;1310;VM1;3.5;25/11/1994 00:00:00
A5;1;0;1310;VR;3.5;25/11/1994 00:00:00
A5;1;1310;1650;BPV;3.5;25/11/1994 00:00:00
A5;1;1650;6420;VL;3.5;25/11/1994 00:00:00
A5;1;1650;6420;VM1;3.5;25/11/1994 00:00:00
A5;1;1650;6420;VR;3.5;25/11/1994 00:00:00
A39-2;E2;0;498;VL;4.5;01/01/1900 00:00:00
A39-2;S1;0;331;VL;4.5;01/01/1900 00:00:00
A39-3;E1;0;378;VL;4.5;01/01/1900 00:00:00
A39-3;E2;0;344;VL;4.5;01/01/1900 00:00:00
A39-3;S1;0;478;VL;4.5;01/01/1900 00:00:00
A39-3;S2;0;351;VL;4.5;01/01/1900 00:00:00
A39-5;E1;0;671;VL;4.5;01/01/1900 00:00:00
A39-5;E2;0;382;VL;4.5;01/01/1900 00:00:00
A39-5;S1;0;619;VL;4.5;01/01/1900 00:00:00
A39-5;S2;0;326;VL;4.5;01/01/1900 00:00:00
A39-6;E1;0;1288;VL;4.5;01/01/1900 00:00:00
A39-6;E2;0;347;VL;4.5;01/01/1900 00:00:00
A39-6;S1;0;636;VL;4.5;01/01/1900 00:00:00
A39-6;S2;0;1082;VL;4.5;01/01/1900 00:00:00
A39-7.1;E1;0;687;VL;4.5;01/01/1900 00:00:00
A39-7.1;E2;0;310;VL;4.5;01/01/1900 00:00:00
A39-7.1;S1;0;375;VL;4.5;01/01/1900 00:00:00
A39-7.1;S2;0;643;VL;4.5;01/01/1900 00:00:00
A39-8;E1;0;459;VL;4.5;01/01/1900 00:00:00
A39-8;E2;0;778;VL;4.5;01/01/1900 00:00:00
A39-8;S1;0;507;VL;4.5;01/01/1900 00:00:00
A39-8;S2;0;1002;VL;4.5;01/01/1900 00:00:00
A39-9;E1;0;794;VL;4.5;01/01/1900 00:00:00
A39-9;E2;0;641;VL;4.5;01/01/1900 00:00:00
A39-9;S1;0;1001;VL;4.5;01/01/1900 00:00:00
A39-9;S2;0;794;VL;4.5;01/01/1900 00:00:00
A40-1;E2;0;481;VL;4.5;01/01/1900 00:00:00
A40-1;S1;0;428;VL;4.5;01/01/1900 00:00:00
A40-2;E1;0;378;VL;4.5;01/01/1900 00:00:00
A40-2;E2;0;807;VL;4.5;01/01/1900 00:00:00
A40-2;S1;0;220;VL;4.5;01/01/1900 00:00:00
A40-2;S2;0;946;VL;4.5;01/01/1900 00:00:00
A40-3;E1;0;627;VL;4.5;01/01/1900 00:00:00
A40-3;E2;0;598;VL;4.5;01/01/1900 00:00:00
A40-3;S1;0;906;VL;4.5;01/01/1900 00:00:00
A40-3;S2;0;486;VL;4.5;01/01/1900 00:00:00
A404-11;E1;0;363;VL;4.5;01/01/1900 00:00:00
A404-11;E2;0;132;VL;4.5;01/01/1900 00:00:00
A404-11;S1;0;259;VL;4.5;01/01/1900 00:00:00
A404-11;S2;0;344;VL;4.5;01/01/1900 00:00:00
A40-4;E2;0;1194;VL;4.5;01/01/1900 00:00:00
A40-4;S1;0;1096;VL;4.5;01/01/1900 00:00:00
A404-10;E1;0;180;VL;4.5;01/01/1900 00:00:00
A404-10;E2;0;426;VL;4.5;01/01/1900 00:00:00
A404-10;S1;0;617;VL;4.5;01/01/1900 00:00:00
A31;1;0;1300;BDG;3.5;15/05/1973 00:00:00
A31;1;0;1300;VM1;3.5;15/05/1973 00:00:00
A31;1;0;1300;VR;3.5;03/03/1992 00:00:00
A31;1;1300;4400;VL;3.5;11/03/1992 00:00:00
A31;1;1300;4400;BAU;3.5;15/05/1973 00:00:00
A31;1;1300;4400;BDG;3.5;15/05/1973 00:00:00
A31;1;1300;4400;VM1;3.5;15/05/1973 00:00:00
A31;1;1300;4400;VR;3.5;15/05/1973 00:00:00
A31;1;4400;17100;VL;3.5;15/05/1973 00:00:00
A31;1;4400;17100;BAU;3.5;15/05/1973 00:00:00
A31;1;4400;17100;BDG;3.5;15/05/1973 00:00:00
A6;2;64900;66500;BAU;3.5;05/01/1964 00:00:00
A6;2;64900;66500;BDG;3.5;05/01/1964 00:00:00
A6;2;64900;66500;VM1;3.5;05/01/1964 00:00:00
A6;2;64900;66500;VR;3.5;05/01/1964 00:00:00
A311;1;26933;30550;BAU;3.5;15/05/1973 00:00:00
A311;1;26933;30550;BDG;3.5;15/05/1973 00:00:00
A6;2;66500;70500;BAU;3.5;05/01/1964 00:00:00
A6;2;66500;70500;BDG;3.5;05/01/1964 00:00:00
A6;2;66500;70500;VM1;3.5;05/01/1964 00:00:00
A6;2;66500;79700;VR;3.5;02/03/1977 00:00:00
A311;1;26933;30550;VL;3.5;15/05/1973 00:00:00
A311;1;26933;30550;VR;3.5;15/05/1973 00:00:00
A6;2;70500;70700;BAU;3.5;02/03/1977 00:00:00
A6;2;70500;70700;BDG;3.5;05/01/1964 00:00:00
A6;2;70500;70700;VM1;3.5;05/01/1964 00:00:00
A311;1;30132;31232;VL;3.5;15/05/1973 00:00:00
A311;1;30132;31232;BAU;3.5;15/05/1973 00:00:00
A6;2;70700;79700;BAU;3.5;05/01/1964 00:00:00
A31;1;0;1300;VL;3.5;15/05/1973 00:00:00
A311;1;30132;31232;BDG;3.5;15/05/1973 00:00:00
A6;2;70700;79700;BDG;3.5;05/01/1964 00:00:00
A6;2;70700;79700;VM1;3.5;05/01/1964 00:00:00
A31;1;0;1300;BAU;3.5;15/05/1973 00:00:00
A31;1;4400;17100;VR;3.5;15/05/1973 00:00:00
A6;2;79700;109770;BAU;3.5;05/01/1964 00:00:00
A6;2;79700;109770;BDG;3.5;05/01/1964 00:00:00
A6;2;79700;109770;VR;3.5;05/01/1964 00:00:00
A31;1;17100;27300;VL;3.5;15/05/1973 00:00:00
A31;1;17100;27300;BAU;3.5;15/05/1973 00:00:00
A31;1;17100;27300;BDG;3.5;15/05/1973 00:00:00
A31;1;17100;27300;EE;3.5;30/11/2007 00:00:00
A31;1;17100;27300;VR;3.5;15/05/1973 00:00:00
A31;1;27300;28570;VL;3.5;03/04/1987 00:00:00
A31;1;27300;28570;BAU;3.5;03/04/1987 00:00:00
A31;1;27300;28570;BDG;3.5;03/04/1987 00:00:00
A31;1;27300;28570;EE;3.5;30/11/2007 00:00:00
A31;1;27300;28570;VR;3.5;03/04/1987 00:00:00
A31;1;28570;40670;VL;3.5;03/04/1987 00:00:00
A31;1;28570;40670;BAU;3.5;03/04/1987 00:00:00
A31;1;28570;40670;BDG;3.5;03/04/1987 00:00:00
A6;2;109770;125200;BAU;3.5;05/01/1964 00:00:00
A6;2;109770;125200;BDG;3.5;05/01/1964 00:00:00
A6;2;109770;125200;VM1;3.5;05/01/1964 00:00:00
A6;2;109770;125200;VR;3.5;05/09/1993 00:00:00
A6;2;125200;126400;BAU;3.5;05/01/1964 00:00:00
A6;2;125200;126400;BDG;3.5;05/01/1964 00:00:00
A6;2;125200;126400;VM1;3.5;05/01/1964 00:00:00
A6;2;125200;126400;VR;3.5;05/01/1964 00:00:00
A6;2;126400;133450;BAU;3.5;05/01/1964 00:00:00
A311;1;30132;31232;VR;3.5;15/05/1973 00:00:00
A6;2;126400;133450;BDG;3.5;05/01/1964 00:00:00
A39;2;0;5190;VL;3.5;04/01/1985 00:00:00
A31;1;28570;40670;VR;3.5;03/04/1987 00:00:00
A39;2;0;5190;BAU;3.5;04/01/1985 00:00:00
A39;2;0;5190;BDG;3.5;04/01/1985 00:00:00
A31;1;40670;69000;VL;3.5;03/08/1985 00:00:00
A6;2;126400;133450;VM1;3.5;05/01/1964 00:00:00
A39;2;0;5190;VR;3.5;04/01/1985 00:00:00
A31;1;40670;69000;BAU;3.5;03/08/1985 00:00:00
A31;1;40670;69000;BDG;3.5;03/08/1985 00:00:00
A6;2;126400;133450;VR;3.5;05/09/1993 00:00:00
A31;1;40670;69000;VR;3.5;03/08/1985 00:00:00
A39;2;5190;5520;VL;3.5;04/01/1989 00:00:00
A6;2;133450;135950;BAU;3.5;05/01/1964 00:00:00
A39;2;5190;5520;BAU;3.5;04/01/1989 00:00:00
A6;2;133450;135950;BDG;3.5;05/01/1964 00:00:00
A31;1;69000;69800;VL;3.5;03/08/1985 00:00:00
A39;2;5190;5520;BDG;3.5;04/01/1989 00:00:00
A39;2;5190;5520;VR;3.5;04/01/1989 00:00:00
A6;2;133450;135950;VM1;3.5;05/01/1964 00:00:00
A39;2;6618;22110;VL;3.5;04/01/1994 00:00:00
A6;2;133450;179349;VR;3.5;05/01/1964 00:00:00
A39;2;6618;22110;BAU;3.5;04/01/1994 00:00:00
A31;1;69000;69800;BAU;3.5;03/08/1985 00:00:00
A39;2;6618;22110;BDG;3.5;04/01/1994 00:00:00
A39;2;6618;22110;VR;3.5;04/01/1994 00:00:00
A31;1;69000;69800;BDG;3.5;03/08/1985 00:00:00
A6;2;135950;153100;BAU;3.5;05/01/1964 00:00:00
A6;2;135950;153100;BDG;3.5;05/01/1964 00:00:00
A6;2;135950;153100;EI;3.5;31/12/1995 00:00:00
A31;1;69000;69800;EE;3.5;31/10/2008 00:00:00
A31;1;69000;69800;VR;3.5;03/08/1985 00:00:00
A31;1;69800;74420;VL;3.5;17/07/1979 00:00:00
A6;2;153100;179349;BAU;3.5;05/01/1964 00:00:00
A31;1;69800;74420;BAU;3.5;17/07/1979 00:00:00
A6;2;153100;179349;BDG;3.5;05/01/1964 00:00:00
A39;2;22110;40698;VL;3.5;04/01/1994 00:00:00
A39;2;22110;40698;BAU;3.5;04/01/1994 00:00:00
A31;1;69800;74420;BDG;3.5;17/07/1979 00:00:00
A6;2;179350;265000;VL;3.5;19/09/1966 00:00:00
A39;2;22110;40698;BDG;3.5;04/01/1994 00:00:00
A39;2;22110;40698;VR;3.5;04/01/1994 00:00:00
A39;2;40698;121210;VL;3.5;01/01/1998 00:00:00
A31;1;69800;74420;EE;3.5;31/10/2008 00:00:00
A31;1;69800;74420;VR;3.5;17/07/1979 00:00:00
A6;2;179350;265000;BAU;3.5;19/09/1966 00:00:00
A39;2;40698;121210;BAU;3.5;01/01/1998 00:00:00
A31;1;74420;74445;VL;3.5;17/07/1979 00:00:00
A31;1;74420;74445;BAU;3.5;17/07/1979 00:00:00
A6;2;179350;265000;BDG;3.5;19/09/1966 00:00:00
A6;2;179350;265000;VR;3.5;19/09/1966 00:00:00
A6;2;265000;299500;VL;3.5;13/06/1968 00:00:00
A6;2;265000;288600;BAU;3.5;13/06/1968 00:00:00
A31;1;74420;74445;BDG;3.5;17/07/1979 00:00:00
A31;1;74420;74445;VR;3.5;17/07/1979 00:00:00
A6;2;265000;288600;BDG;3.5;13/06/1968 00:00:00
A6;2;265000;304000;VR;3.5;13/06/1968 00:00:00
A39;2;40698;121210;BDG;3.5;01/01/1998 00:00:00
A6;2;288600;299500;BAU;3.5;13/06/1968 00:00:00
A39;2;40698;121210;VR;3.5;01/01/1998 00:00:00
A6;2;288600;299500;BDG;3.5;13/06/1968 00:00:00
A6;2;288600;299500;VS;3.5;13/06/1968 00:00:00
A39;2;121210;144739;VL;3.5;01/01/1998 00:00:00
A31;1;74445;77730;VL;3.5;17/07/1979 00:00:00
A39;2;121210;144739;BAU;3.5;01/01/1998 00:00:00
A6;2;299500;302800;VL;3.5;09/05/1993 00:00:00
A6;2;299500;302800;BAU;3.5;13/06/1968 00:00:00
A6;2;299500;302800;BDG;3.5;13/06/1968 00:00:00
A6;2;299500;302800;VM1;3.5;13/06/1968 00:00:00
A6;2;302800;304604;VL;3.5;13/06/1968 00:00:00
A39;2;121210;144739;BDG;3.5;01/01/1998 00:00:00
A6;2;302800;304000;BAU;3.5;13/06/1968 00:00:00
A39;2;121210;144739;VR;3.5;01/01/1998 00:00:00
A40;1;102850;116028;VL;3.5;06/01/1989 00:00:00
A40;1;102850;104078;BAU;3.5;06/01/1989 00:00:00
A40;1;102850;104078;BDG;3.5;06/01/1989 00:00:00
A40;1;102850;116028;VR;3.5;06/01/1989 00:00:00
A40;1;104078;104988;BDG;3.5;06/01/1989 00:00:00
A6;2;302800;304000;BDG;3.5;13/06/1968 00:00:00
A71;2;209800;380300;BAU;3.5;31/05/1986 00:00:00
A71;2;209800;380300;VL;3.5;31/05/1986 00:00:00
A31;1;83250;88200;EE;3.5;31/10/2008 00:00:00
A31;1;99700;112470;EE;3.5;31/10/2008 00:00:00
A6;2;304000;304604;BAU;3.5;13/06/1968 00:00:00
A6;1;43940;49225;VL;3.5;05/01/1964 00:00:00
A6;2;304000;304604;BDG;3.5;13/06/1968 00:00:00
A6;1;43940;49225;BAU;3.5;05/01/1964 00:00:00
A6;2;304000;304604;VM1;3.5;13/06/1968 00:00:00
A6;1;43940;49225;BDG;3.5;05/01/1964 00:00:00
A6;2;304000;312000;VR;3.5;22/09/1982 00:00:00
A6;2;304604;306350;VL;3.5;17/09/1992 00:00:00
A71;2;209800;380300;BDG;3.5;31/05/1986 00:00:00
A6;2;304604;305200;BAU;3.5;13/06/1968 00:00:00
A71;2;209800;380300;VR;3.5;31/05/1986 00:00:00
A6;1;43940;49225;VR;3.5;05/01/1964 00:00:00
A71;2;381630;390234;VL;3.5;31/05/1986 00:00:00
A6;2;304604;305200;BDG;3.5;13/06/1968 00:00:00
A71;2;381630;390234;BAU;3.5;31/05/1986 00:00:00
A71;2;381630;390234;BDG;3.5;31/05/1986 00:00:00
A6;2;304604;305200;VM1;3.5;17/09/1992 00:00:00
A71;2;381630;390234;VR;3.5;31/05/1986 00:00:00
A719;2;970;2469;VL;3.5;01/06/1986 00:00:00
A31;2;113090;116600;VL;3.5;24/02/1981 00:00:00
A31;2;113090;116600;BAU;3.5;24/02/1981 00:00:00
A31;2;113090;116600;BDG;3.5;24/02/1981 00:00:00
A31;2;113090;116600;VR;3.5;24/02/1981 00:00:00
A31;2;116600;118350;VL;3.5;24/02/1981 00:00:00
A31;2;116600;118350;BAU;3.5;24/02/1981 00:00:00
A31;2;116600;118350;BDG;3.5;24/02/1981 00:00:00
A31;2;116600;118350;VS;3.5;03/12/1990 00:00:00
A31;2;116600;118350;VM1;3.5;24/02/1981 00:00:00
A31;2;116600;118350;VR;3.5;24/02/1981 00:00:00
A31;2;118350;118600;VL;3.5;24/02/1981 00:00:00
A31;2;118350;118600;BAU;3.5;24/02/1981 00:00:00
A31;2;118350;118600;BDG;3.5;24/02/1981 00:00:00
A31;2;118350;118600;VS;3.5;30/09/2004 00:00:00
A31;2;118350;118600;VM1;3.5;24/02/1981 00:00:00
A31;2;118350;118600;VR;3.5;24/02/1981 00:00:00
A31;2;118600;118650;VL;3.5;24/02/1981 00:00:00
A31;2;118600;118650;BAU;3.5;24/02/1981 00:00:00
A31;2;118600;118650;BDG;3.5;24/02/1981 00:00:00
A31;2;118600;118650;VS;3.5;30/09/2004 00:00:00
A31;2;118600;118650;VR;3.5;24/02/1981 00:00:00
A31;2;118650;120843;VL;3.5;24/02/1981 00:00:00
A31;2;118650;120843;BAU;3.5;24/02/1981 00:00:00
A31;2;118650;120843;BDG;3.5;24/02/1981 00:00:00
A31;2;118650;120843;VR;3.5;24/02/1981 00:00:00
A31;2;120843;148536;VL;3.5;07/05/1981 00:00:00
A31;2;120843;148536;BAU;3.5;07/05/1981 00:00:00
A31;2;120843;148536;BDG;3.5;07/05/1981 00:00:00
A31;2;120843;148536;VR;3.5;07/05/1981 00:00:00
A31;2;148536;225210;VL;3.5;07/06/1981 00:00:00
A31;2;148536;225210;BAU;3.5;07/06/1981 00:00:00
A31;2;148536;225210;BDG;3.5;07/06/1981 00:00:00
A31;2;148536;225210;VR;3.5;07/06/1981 00:00:00
A31;2;225910;228596;VL;3.5;09/05/1981 00:00:00
A31;2;225910;228596;BAU;3.5;09/05/1981 00:00:00
A31;2;225910;228596;BDG;3.5;09/05/1981 00:00:00
A31;2;225910;228596;VR;3.5;09/05/1981 00:00:00
A39;1;0;5520;VL;3.5;04/01/1989 00:00:00
A39;1;0;5520;BAU;3.5;04/01/1989 00:00:00
A39;1;0;5520;BDG;3.5;04/01/1989 00:00:00
A39;1;0;5520;VR;3.5;04/01/1989 00:00:00
A39;1;6618;22110;VL;3.5;04/01/1994 00:00:00
A39;1;6618;22110;BAU;3.5;04/01/1994 00:00:00
A39;1;6618;22110;BDG;3.5;04/01/1994 00:00:00
A39;1;6618;22110;VR;3.5;04/01/1994 00:00:00
A39;1;22110;40698;VL;3.5;04/01/1994 00:00:00
A39;1;22110;40698;BAU;3.5;04/01/1994 00:00:00
A39;1;22110;40698;BDG;3.5;04/01/1994 00:00:00
A39;1;22110;40698;VR;3.5;04/01/1994 00:00:00
A39;1;40698;121210;VL;3.5;01/01/1998 00:00:00
A39;1;40698;121210;BAU;3.5;01/01/1998 00:00:00
A39;1;40698;121210;BDG;3.5;01/01/1998 00:00:00
A39;1;40698;121210;VR;3.5;01/01/1998 00:00:00
A39;1;121210;144728;VL;3.5;01/01/1998 00:00:00
A39;1;121210;144728;BAU;3.5;01/01/1998 00:00:00
A6;1;43940;49225;EI;3.5;01/05/1978 00:00:00
A6;1;51010;81450;EI;3.5;01/05/1978 00:00:00
A6;1;133000;153100;EI;3.5;30/06/1994 00:00:00
A31;1;39200;69000;EE;3.5;08/10/2008 00:00:00
A36;2;0;24000;VL;3.5;04/10/1974 00:00:00
A36;2;0;24000;BAU;3.5;04/10/1974 00:00:00
A36;2;0;24000;BDG;3.5;04/10/1974 00:00:00
A36;2;0;24000;VR;3.5;04/10/1974 00:00:00
A36;2;24600;35350;VL;3.5;04/10/1974 00:00:00
A36;2;24600;33240;BAU;3.5;04/10/1974 00:00:00
A36;2;24600;33240;BDG;3.5;04/10/1974 00:00:00
A36;2;24600;35350;VR;3.5;04/10/1974 00:00:00
A36;2;33240;35350;BDG;3.5;04/10/1974 00:00:00
A36;2;33240;35350;VS;3.5;04/10/1974 00:00:00
A36;2;35350;50050;VL;3.5;05/01/1967 00:00:00
A36;2;35350;35400;BDG;3.5;05/01/1967 00:00:00
A36;2;35350;50050;VR;3.5;05/01/1967 00:00:00
A36;2;35350;35400;VS;3.5;05/01/1967 00:00:00
A36;2;35400;36500;BAU;3.5;05/01/1967 00:00:00
A36;2;35400;36500;BDG;3.5;05/01/1967 00:00:00
A36;2;36500;47500;BAU;3.5;05/01/1967 00:00:00
A36;2;36500;47500;BDG;3.5;05/01/1967 00:00:00
A36;2;47500;50050;BAU;3.5;05/01/1967 00:00:00
A36;2;47500;50050;BDG;3.5;05/01/1967 00:00:00
A36;2;50050;65500;VL;3.5;04/04/1976 00:00:00
A36;2;50050;61163;BAU;3.5;04/04/1976 00:00:00
A36;2;50050;61163;BDG;3.5;04/04/1976 00:00:00
A36;2;50050;65500;VR;3.5;04/04/1976 00:00:00
A36;2;61163;63745;BDG;3.5;04/04/1976 00:00:00
A36;2;61163;63745;VS;3.5;04/04/1976 00:00:00
A36;2;63745;65500;BAU;3.5;04/04/1976 00:00:00
A36;2;63745;65500;BDG;3.5;04/04/1976 00:00:00
A36;2;66100;98891;VL;3.5;04/04/1976 00:00:00
A36;2;66100;69026;BAU;3.5;04/04/1976 00:00:00
A36;2;66100;69026;BDG;3.5;04/04/1976 00:00:00
A36;2;66100;98891;VR;3.5;04/04/1976 00:00:00
A36;2;69026;70142;BDG;3.5;04/04/1976 00:00:00
A36;2;69026;70142;VS;3.5;04/04/1976 00:00:00
A36;2;70142;74665;BAU;3.5;04/04/1976 00:00:00
A36;2;70142;74665;BDG;3.5;04/04/1976 00:00:00
A36;2;74665;75830;BDG;3.5;04/04/1976 00:00:00
A36;2;74665;75830;VS;3.5;04/04/1976 00:00:00
A36;2;75830;94393;BAU;3.5;04/04/1976 00:00:00
A36;2;75830;94393;BDG;3.5;04/04/1976 00:00:00
A36;2;94393;97258;BDG;3.5;04/04/1976 00:00:00
A36;2;94393;97258;VS;3.5;04/04/1976 00:00:00
A36;2;97258;98891;BAU;3.5;04/04/1976 00:00:00
A36;2;97258;98891;BDG;3.5;04/04/1976 00:00:00
A36;2;98891;133993;VL;3.5;03/06/1977 00:00:00
A36;2;98891;125105;BAU;3.5;03/06/1977 00:00:00
A36;2;98891;125105;BDG;3.5;03/06/1977 00:00:00
A36;2;98891;133993;VR;3.5;03/06/1977 00:00:00
A36;2;125105;126832;BDG;3.5;03/06/1977 00:00:00
A36;2;125105;126832;VS;3.5;03/06/1977 00:00:00
A36;2;126832;133993;BAU;3.5;03/06/1977 00:00:00
A36;2;126832;133993;BDG;3.5;03/06/1977 00:00:00
A36;2;133993;149666;VL;3.5;03/04/1978 00:00:00
A36;2;133993;149666;BAU;3.5;03/04/1978 00:00:00
A36;2;133993;149666;BDG;3.5;03/04/1978 00:00:00
A36;2;133993;149666;VR;3.5;03/04/1978 00:00:00
A36;2;149666;181100;VL;3.5;02/05/1978 00:00:00
A36;2;149666;167083;BAU;3.5;02/05/1978 00:00:00
A36;2;149666;167083;BDG;3.5;02/05/1978 00:00:00
A36;2;149666;181100;VR;3.5;02/05/1978 00:00:00
A36;2;167083;168378;BDG;3.5;02/05/1978 00:00:00
A36;2;167083;168378;VS;3.5;02/05/1978 00:00:00
A36;2;168378;181100;BAU;3.5;02/05/1978 00:00:00
A36;2;168378;181100;BDG;3.5;02/05/1978 00:00:00
A36;2;181100;196000;VL;3.5;03/06/1978 00:00:00
A36;2;181100;196000;BAU;3.5;03/06/1978 00:00:00
A36;2;181100;196000;BDG;3.5;03/06/1978 00:00:00
A36;2;181100;196000;VR;3.5;03/06/1978 00:00:00
A36;2;196000;216613;VL;3.5;13/04/1978 00:00:00
A36;2;196000;216613;BAU;3.5;13/04/1978 00:00:00
A36;2;196000;216613;BDG;3.5;13/04/1978 00:00:00
A36;2;196000;216613;VR;3.5;13/04/1978 00:00:00
A710W;1;10940;12460;VL;3.5;31/01/1998 00:00:00
A710W;1;10940;12460;BAU;3.5;31/01/1998 00:00:00
A710W;1;10940;12460;BDG;3.5;31/01/1998 00:00:00
A710W;1;10940;12460;VR;3.5;31/01/1998 00:00:00
A26;1;372700;394635;BAU;3.5;25/01/1991 00:00:00
A26;1;372700;394635;BDG;3.5;25/01/1991 00:00:00
A26;1;372700;394635;VL;3.5;25/01/1991 00:00:00
A26;1;372700;394635;VR;3.5;25/01/1991 00:00:00
A42;2;4353;4610;VL;3.5;30/06/1993 00:00:00
A42;2;4353;4610;BAU;3.5;30/06/1993 00:00:00
A42;2;4353;4610;BDG;3.5;30/06/1993 00:00:00
A42;2;4353;4610;VM1;3.5;30/06/1993 00:00:00
A42;2;4353;4610;VR;3.5;30/06/1993 00:00:00
A42;2;4610;33450;VL;3.5;05/01/1983 00:00:00
A42;2;4610;4613;BAU;3.5;05/01/1983 00:00:00
A42;2;4610;4613;BDG;3.5;05/01/1983 00:00:00
A42;2;4610;4613;VM1;3.5;05/01/1983 00:00:00
A42;2;4610;4613;VR;3.5;26/06/1993 00:00:00
A42;2;4613;7950;BAU;3.5;05/01/1983 00:00:00
A42;2;4613;7950;BDG;3.5;05/01/1983 00:00:00
A42;2;4613;7950;VM1;3.5;05/01/1983 00:00:00
A42;2;4613;7950;VR;3.5;17/04/1993 00:00:00
A42;2;7950;8400;BAU;3.5;05/01/1983 00:00:00
A42;2;7950;8400;BDG;3.5;05/01/1983 00:00:00
A42;2;7950;8400;VM1;3.5;05/01/1983 00:00:00
A42;2;7950;9300;VR;3.5;07/06/1993 00:00:00
A6;2;421000;426400;VR;3.5;10/03/1988 00:00:00
A42;2;8400;8600;BAU;3.5;07/06/1993 00:00:00
A42;2;8400;8600;BDG;3.5;05/01/1983 00:00:00
A42;2;8400;8600;VM1;3.5;05/01/1983 00:00:00
A36;1;33200;36600;EE;3.5;24/10/2008 00:00:00
A36;1;36600;48000;EI;3.5;24/10/2008 00:00:00
A42;2;8600;9300;BAU;3.5;05/01/1983 00:00:00
A42;2;8600;9300;BDG;3.5;05/01/1983 00:00:00
A42;2;8600;9300;VM1;3.5;05/01/1983 00:00:00
A36;2;31600;33240;EE;3.5;24/10/2008 00:00:00
A42;2;10050;10100;EI;3.5;01/12/2006 00:00:00
A36;2;36600;47000;EI;3.5;24/10/2008 00:00:00
A42;2;10100;25000;BAU;3.5;05/01/1983 00:00:00
A42;2;10100;25000;BDG;3.5;05/01/1983 00:00:00
A42;2;10100;25000;EI;3.5;01/12/2006 00:00:00
A42;2;10100;33450;VR;3.5;05/01/1983 00:00:00
A36;2;35400;36600;EE;3.5;24/10/2008 00:00:00
A42;2;25000;26410;BAU;3.5;05/01/1983 00:00:00
A42;2;25000;26410;BDG;3.5;05/01/1983 00:00:00
A42;2;25000;26410;EI;3.5;01/12/2006 00:00:00
A42;2;26410;33450;BAU;3.5;05/01/1983 00:00:00
A42;2;26410;33450;BDG;3.5;05/01/1983 00:00:00
A42;2;33450;53395;VL;3.5;05/01/1988 00:00:00
A42;2;33450;53395;BAU;3.5;05/01/1988 00:00:00
A42;2;33450;53395;BDG;3.5;05/01/1988 00:00:00
A42;2;33450;53395;VR;3.5;05/01/1988 00:00:00
A46;2;0;8850;VL;3.5;05/01/1991 00:00:00
A46;2;0;8850;BAU;3.5;05/01/1991 00:00:00
A46;2;0;8850;BDG;3.5;05/01/1991 00:00:00
A46;2;0;8850;VR;3.5;05/01/1991 00:00:00
A46;2;8850;17100;VL;3.5;05/01/1991 00:00:00
A46;2;8850;17100;BAU;3.5;05/01/1991 00:00:00
A46;2;8850;17100;BDG;3.5;05/01/1991 00:00:00
A46;2;8850;17100;VR;3.5;05/01/1991 00:00:00
A46;2;8850;17100;EE;3.5;31/07/2007 00:00:00
A46;2;17100;22475;VL;3.5;05/01/1991 00:00:00
A46;2;17100;22475;BAU;3.5;05/01/1991 00:00:00
A46;2;17100;22475;BDG;3.5;05/01/1991 00:00:00
A46;2;17100;22475;VR;3.5;05/01/1991 00:00:00
A46;2;22475;22696;VL;3.5;05/01/1991 00:00:00
A46;2;22475;22696;BAU;3.5;05/01/1991 00:00:00
A46;2;22475;22696;BDG;3.5;05/01/1991 00:00:00
A46;2;22475;22696;VM1;3.5;05/01/1991 00:00:00
A46;2;22475;22696;VR;3.5;05/01/1991 00:00:00
A46;2;22696;23660;VL;3.5;05/01/1991 00:00:00
A46;2;22696;23660;BDG;3.5;05/01/1991 00:00:00
A46;2;22696;23660;VM1;3.5;05/01/1991 00:00:00
A46;2;22696;23660;VR;3.5;05/01/1991 00:00:00
A46;2;23660;25675;VL;3.5;06/01/1993 00:00:00
A46;2;23660;25675;BAU;3.5;06/01/1993 00:00:00
A46;2;23660;25675;BDG;3.5;06/01/1993 00:00:00
A46;2;23660;25675;VM1;3.5;06/01/1993 00:00:00
A46;2;23660;25675;VR;3.5;06/01/1993 00:00:00
A39;1;121210;144728;BDG;3.5;01/01/1998 00:00:00
A39;1;121210;144728;VR;3.5;01/01/1998 00:00:00
A391;1;0;3600;VL;3.5;31/12/1998 00:00:00
A391;1;0;3600;BAU;2.5;31/12/1998 00:00:00
A391;1;0;3600;BDG;1.5;31/12/1998 00:00:00
A391;1;0;3600;VR;3.5;31/12/1998 00:00:00
A391;1;3600;4598;VL;3.5;31/12/1998 00:00:00
A391;1;3600;4598;BAU;2.5;31/12/1998 00:00:00
A391;1;3600;4598;BDG;1.5;31/12/1998 00:00:00
A40;2;114948;115168;BDG;3.5;06/01/1989 00:00:00
A40;2;115168;116028;BAU;3.5;06/01/1989 00:00:00
A40;2;115168;116028;BDG;3.5;06/01/1989 00:00:00
A40;2;116028;156019;VL;3.5;05/01/1986 00:00:00
A40;2;116028;117492;BAU;3.5;05/01/1986 00:00:00
A40;2;116028;117492;BDG;3.5;05/01/1986 00:00:00
A40;2;116028;156019;VR;3.5;05/01/1986 00:00:00
A40;2;117492;122647;BDG;3.5;05/01/1986 00:00:00
A40;2;122647;130675;BAU;3.5;05/02/1986 00:00:00
A40;2;122647;130675;BDG;3.5;05/02/1986 00:00:00
A40;2;130675;131200;BAU;3.5;05/02/1986 00:00:00
A40;2;130675;131200;BDG;3.5;05/02/1986 00:00:00
A40;2;130675;137800;VS;3.5;05/02/1986 00:00:00
A40;2;131200;137800;BDG;3.5;05/02/1986 00:00:00
A40;2;137800;137951;BAU;3.5;05/02/1986 00:00:00
A40;2;137800;137951;BDG;3.5;05/02/1986 00:00:00
A40;2;137951;138519;BDG;3.5;05/02/1986 00:00:00
A40;2;138519;147030;BAU;3.5;05/02/1986 00:00:00
A40;2;138519;147030;BDG;3.5;05/02/1986 00:00:00
A40;2;147030;147169;BAU;3.5;05/02/1986 00:00:00
A40;2;147030;147169;BDG;3.5;05/02/1986 00:00:00
A40;2;147030;147169;EE;3.5;30/06/1998 00:00:00
A40;2;147169;148000;BAU;3.5;02/03/1986 00:00:00
A40;2;147169;148000;BDG;3.5;02/03/1986 00:00:00
A40;2;147169;148000;EE;3.5;30/06/1998 00:00:00
A40;2;148000;156019;BAU;3.5;02/03/1986 00:00:00
A40;2;148000;156019;BDG;3.5;02/03/1986 00:00:00
A40;2;148000;156019;EE;3.5;31/10/2002 00:00:00
A40;2;156019;177739;VL;3.5;06/01/1985 00:00:00
A40;2;156019;164800;BAU;3.5;06/01/1985 00:00:00
A40;2;156019;164800;BDG;3.5;06/01/1985 00:00:00
A40;2;156019;164800;EE;3.5;31/10/2002 00:00:00
A40;2;156019;177739;VR;3.5;06/01/1985 00:00:00
A40;2;164800;169320;BAU;3.5;06/01/1985 00:00:00
A40;2;164800;169320;BDG;3.5;06/01/1985 00:00:00
A40;2;164800;169320;EE;3.5;30/06/1998 00:00:00
A40;2;169320;177739;BAU;3.5;06/01/1985 00:00:00
A40;2;169320;177739;BDG;3.5;06/01/1985 00:00:00
A40;2;177739;198749;VL;3.5;05/01/1987 00:00:00
A40;2;177739;198749;BAU;3.5;05/01/1987 00:00:00
A40;2;177739;198749;BDG;3.5;05/01/1987 00:00:00
A40;2;177739;198749;VR;3.5;05/01/1987 00:00:00
A40;2;198749;204350;VL;3.5;05/01/1978 00:00:00
A40;2;198749;203971;BAU;3.5;05/01/1978 00:00:00
A40;2;198749;203971;BDG;3.5;05/01/1978 00:00:00
A40;2;198749;204350;VR;3.5;05/01/1978 00:00:00
A40;2;203971;204350;BDG;3.5;05/01/1978 00:00:00
A40;2;204350;207731;VL;3.5;05/01/1990 00:00:00
A40;2;204350;207731;BAU;3.5;05/01/1990 00:00:00
A40;2;204350;207731;BDG;3.5;05/01/1990 00:00:00
A40;2;204350;207731;VR;3.5;05/01/1990 00:00:00
A40;1;104988;106098;BAU;3.5;06/01/1989 00:00:00
A40;1;104988;106098;BDG;3.5;06/01/1989 00:00:00
A40;1;106098;106438;BDG;3.5;06/01/1989 00:00:00
A40;1;106438;107208;BAU;3.5;06/01/1989 00:00:00
A40;1;106438;107208;BDG;3.5;06/01/1989 00:00:00
A40;1;107208;108508;BDG;3.5;06/01/1989 00:00:00
A40;1;108508;109628;BAU;3.5;06/01/1989 00:00:00
A40;1;108508;109628;BDG;3.5;06/01/1989 00:00:00
A40;1;109628;112338;BDG;3.5;06/01/1989 00:00:00
A40;1;109628;112338;VS;3.5;06/01/1989 00:00:00
A40;1;112338;114598;BAU;3.5;06/01/1989 00:00:00
A40;1;112338;114598;BDG;3.5;06/01/1989 00:00:00
A40;1;114598;115228;BAU;3.5;06/01/1989 00:00:00
A40;1;114598;115228;BDG;3.5;06/01/1989 00:00:00
A40;1;115228;116028;BAU;3.5;06/01/1989 00:00:00
A40;1;115228;116028;BDG;3.5;06/01/1989 00:00:00
A40;1;116028;156019;VL;3.5;05/01/1986 00:00:00
A40;1;116028;117492;BAU;3.5;05/01/1986 00:00:00
A40;1;116028;117492;BDG;3.5;05/01/1986 00:00:00
A40;1;116028;156019;VR;3.5;05/01/1986 00:00:00
A40;1;117492;122647;BDG;3.5;05/01/1986 00:00:00
A77;2;0;5080;BDG;3.5;06/01/1970 00:00:00
A77;2;0;5080;VL;3.5;06/01/1970 00:00:00
A77;2;0;5080;VR;3.5;06/01/1970 00:00:00
A31;1;5450;15000;EE;3.5;30/09/2008 00:00:00
A40;1;122647;125420;BAU;3.5;05/02/1986 00:00:00
A40;1;122647;125420;BDG;3.5;05/02/1986 00:00:00
A31;1;15000;17100;EE;3.5;30/09/2008 00:00:00
A40;1;125420;128930;BDG;3.5;05/02/1986 00:00:00
A71;1;381630;390201;VR;3.5;31/05/1986 00:00:00
A77;2;0;5080;BAU;3.5;06/01/1970 00:00:00
A77;2;5080;67900;VL;3.5;17/11/1999 00:00:00
A77;2;5080;67900;VR;3.5;17/11/1999 00:00:00
A77;2;67900;100694;VL;3.5;19/06/2000 00:00:00
A77;2;67900;100694;VR;3.5;19/06/2000 00:00:00
A404;1;0;20704;VL;3.5;29/11/1997 00:00:00
A404;1;0;20704;VR;3.5;29/11/1997 00:00:00
A19;1;0;4890;BAU;3.5;25/11/1994 00:00:00
A19;1;0;4890;BDG;3.5;25/11/1994 00:00:00
A19;1;0;4890;VL;3.5;25/11/1994 00:00:00
A19;1;0;4890;VR;3.5;25/11/1994 00:00:00
A19;1;4890;30848;BAU;3.5;08/11/1997 00:00:00
A19;1;4890;30848;BDG;3.5;08/11/1997 00:00:00
A19;1;4890;30848;VL;3.5;08/11/1997 00:00:00
A19;1;4890;30848;VR;3.5;08/11/1997 00:00:00
A5;2;0;1310;VL;3.5;25/11/1994 00:00:00
A5;2;0;1310;VM1;3.5;25/11/1994 00:00:00
A5;2;0;1310;VR;3.5;25/11/1994 00:00:00
A5;2;1310;1650;BPV;3.5;25/11/1994 00:00:00
A5;2;1650;6420;VL;3.5;25/11/1994 00:00:00
A5;2;1650;6420;VM1;3.5;25/11/1994 00:00:00
A5;2;1650;6420;VR;3.5;25/11/1994 00:00:00
A5;2;6420;39500;VL;3.5;22/10/1993 00:00:00
A5;2;6420;39500;VM1;3.5;22/10/1993 00:00:00
A5;2;6420;39500;VR;3.5;22/10/1993 00:00:00
A40;1;146520;147169;BDG;3.5;05/02/1986 00:00:00
A40;1;146520;147169;EE;3.5;30/06/1998 00:00:00
A40;1;147169;149000;BAU;3.5;02/03/1986 00:00:00
A40;1;147169;149000;BDG;3.5;02/03/1986 00:00:00
A40;1;147169;149000;EE;3.5;30/06/1998 00:00:00
A42;1;26410;33450;BDG;3.5;05/01/1983 00:00:00
A42;1;33450;52895;VL;3.5;05/01/1988 00:00:00
A42;1;33450;52895;BAU;3.5;05/01/1988 00:00:00
A40;1;149000;156019;BAU;3.5;02/03/1986 00:00:00
A40;1;149000;156019;BDG;3.5;02/03/1986 00:00:00
A40;1;149000;156019;EE;3.5;31/10/2001 00:00:00
A40;1;156019;177739;VL;3.5;06/01/1985 00:00:00
A40;1;156019;164800;BAU;3.5;06/01/1985 00:00:00
A40;1;156019;164800;BDG;3.5;06/01/1985 00:00:00
A40;1;156019;164800;EE;3.5;31/10/2001 00:00:00
A40;1;156019;177739;VR;3.5;06/01/1985 00:00:00
A40;1;164800;169395;BAU;3.5;06/01/1985 00:00:00
A40;1;164800;169395;BDG;3.5;06/01/1985 00:00:00
A40;1;164800;169395;EE;3.5;30/06/1998 00:00:00
A40;1;169395;177739;BAU;3.5;06/01/1985 00:00:00
A40;1;169395;177739;BDG;3.5;06/01/1985 00:00:00
A40;1;177739;198749;VL;3.5;05/01/1987 00:00:00
A40;1;177739;198749;BAU;3.5;05/01/1987 00:00:00
A40;1;177739;198749;BDG;3.5;05/01/1987 00:00:00
A40;1;177739;198749;VR;3.5;05/01/1987 00:00:00
A40;1;198749;200470;VL;3.5;06/01/1985 00:00:00
A40;1;198749;200470;BAU;3.5;06/01/1985 00:00:00
A40;1;198749;200470;BDG;3.5;06/01/1985 00:00:00
A40;1;198749;200470;VR;3.5;06/01/1985 00:00:00
A40;1;200470;204350;VL;3.5;05/01/1978 00:00:00
A40;1;200470;203971;BAU;3.5;05/01/1978 00:00:00
A40;1;200470;203971;BDG;3.5;05/01/1978 00:00:00
A40;1;200470;204350;VR;3.5;05/01/1978 00:00:00
A40;1;203971;204350;BDG;3.5;05/01/1978 00:00:00
A40;1;204350;207510;VL;3.5;05/01/1990 00:00:00
A40;1;204350;207510;BAU;3.5;05/01/1990 00:00:00
A40;1;204350;207510;BDG;3.5;05/01/1990 00:00:00
A40;1;204350;207510;VR;3.5;05/01/1990 00:00:00
A42;1;26410;33450;BAU;3.5;05/01/1983 00:00:00
A42;1;33450;52895;BDG;3.5;05/01/1988 00:00:00
A42;1;33450;52895;VR;3.5;05/01/1988 00:00:00
A71;1;209800;380300;VL;3.5;31/05/1986 00:00:00
A71;1;209800;380300;BAU;3.5;31/05/1986 00:00:00
A71;1;209800;380300;BDG;3.5;31/05/1986 00:00:00
A71;1;209800;380300;VR;3.5;31/05/1986 00:00:00
A71;1;381630;390201;VL;3.5;31/05/1986 00:00:00
A71;1;381630;390201;BAU;3.5;31/05/1986 00:00:00
A71;1;381630;390201;BDG;3.5;31/05/1986 00:00:00
A5;2;39500;87360;VL;3.5;25/11/1994 00:00:00
A5;2;39500;87360;VR;3.5;25/11/1994 00:00:00
A5;2;87360;131052;VL;3.5;03/03/1992 00:00:00
A5;2;87360;131052;BAU;3.5;03/03/1992 00:00:00
A5;2;87360;131052;BDG;3.5;03/03/1992 00:00:00
A5;2;87360;131052;VR;3.5;03/03/1992 00:00:00
A5;2;131052;131200;VL;3.5;23/07/1988 00:00:00
A5;2;131052;131200;BAU;3.5;23/07/1988 00:00:00
A5;2;131052;131200;BDG;3.5;23/07/1988 00:00:00
A5;2;131052;131200;VR;3.5;23/07/1988 00:00:00
A5;2;131200;156721;VL;3.5;21/07/1988 00:00:00
A5;2;131200;156721;BAU;3.5;21/07/1988 00:00:00
A5;2;131200;156721;BDG;3.5;21/07/1988 00:00:00
A5;2;131200;156721;VR;3.5;21/07/1988 00:00:00
A5;2;156721;185347;VL;3.5;22/07/1988 00:00:00
A5;2;156721;172019;BAU;3.5;22/07/1988 00:00:00
A5;2;156721;172019;BDG;3.5;22/07/1988 00:00:00
A5;2;156721;185347;VR;3.5;22/07/1988 00:00:00
A5;2;172019;174229;BAU;3.5;22/07/1988 00:00:00
A5;2;172019;174229;BDG;3.5;22/07/1988 00:00:00
A5;2;172019;174229;VM1;3.5;22/07/1988 00:00:00
A5;2;174229;182159;BAU;3.5;22/07/1988 00:00:00
A5;2;174229;182159;BDG;3.5;22/07/1988 00:00:00
A5;2;182159;185347;BAU;3.5;22/07/1988 00:00:00
A5;2;182159;185347;BDG;3.5;22/07/1988 00:00:00
A5;2;182159;185347;VM1;3.5;22/07/1988 00:00:00
A5;2;185347;191707;VL;3.5;23/07/1988 00:00:00
A5;2;185347;191707;BAU;3.5;23/07/1988 00:00:00
A5;2;185347;191707;BDG;3.5;23/07/1988 00:00:00
A5;2;185347;208012;VR;3.5;23/07/1988 00:00:00
A5;2;191707;193267;VL;3.5;22/07/1988 00:00:00
A5;2;191707;193267;BAU;3.5;23/07/1988 00:00:00
A5;2;191707;193267;BDG;3.5;23/07/1988 00:00:00
A5;2;191707;193267;VM1;3.5;23/07/1988 00:00:00
A5;2;193267;208012;VL;3.5;23/07/1988 00:00:00
A5;2;193267;208012;BAU;3.5;23/07/1988 00:00:00
A5;2;193267;208012;BDG;3.5;23/07/1988 00:00:00
A5;2;208012;227682;VL;3.5;24/02/1981 00:00:00
A5;2;208012;227682;BAU;3.5;24/02/1981 00:00:00
A5;2;208012;227682;BDG;3.5;24/02/1981 00:00:00
A5;2;208012;227682;VR;3.5;24/02/1981 00:00:00
A6;2;43940;49225;VL;3.5;05/01/1964 00:00:00
A6;2;43940;49225;BAU;3.5;05/01/1964 00:00:00
A6;2;43940;49225;BDG;3.5;05/01/1964 00:00:00
A6;2;43940;49225;VM1;3.5;05/01/1964 00:00:00
A6;2;43940;49225;VR;3.5;02/03/1977 00:00:00
A6;2;51010;179349;VL;3.5;05/01/1964 00:00:00
A6;2;51010;55580;BAU;3.5;05/01/1964 00:00:00
A6;2;51010;55580;BDG;3.5;05/01/1964 00:00:00
A6;2;51010;55580;VM1;3.5;05/01/1964 00:00:00
A6;2;51010;64900;VR;3.5;02/03/1977 00:00:00
A6;2;55580;55690;BAU;3.5;02/03/1977 00:00:00
A6;2;55580;55690;BDG;3.5;02/03/1977 00:00:00
A6;2;55580;55690;VM1;3.5;05/01/1964 00:00:00
A6;2;55690;55850;BAU;3.5;05/01/1964 00:00:00
A6;2;55690;55850;BDG;3.5;05/01/1964 00:00:00
A6;2;55690;55850;VM1;3.5;05/01/1964 00:00:00
A6;2;55850;55910;BAU;3.5;02/03/1977 00:00:00
A6;2;55850;55910;BDG;3.5;02/03/1977 00:00:00
A6;2;55850;55910;VM1;3.5;05/01/1964 00:00:00
A6;2;55910;64900;BAU;3.5;05/01/1964 00:00:00
A6;2;55910;64900;BDG;3.5;05/01/1964 00:00:00
A6;2;55910;64900;VM1;3.5;05/01/1964 00:00:00
A40;1;125420;128930;VS;3.5;05/02/1986 00:00:00
A40;1;128930;131200;BAU;3.5;05/02/1986 00:00:00
A40;1;128930;131200;BDG;3.5;05/02/1986 00:00:00
A31;2;17030;28000;EE;3.5;30/09/2007 00:00:00
A40;1;131200;137800;BDG;3.5;05/02/1986 00:00:00
A40;1;131200;137800;VS;3.5;01/08/1992 00:00:00
A40;1;137800;146520;BAU;3.5;05/02/1986 00:00:00
A40;1;137800;146520;BDG;3.5;05/02/1986 00:00:00
A40;1;146520;147169;BAU;3.5;05/02/1986 00:00:00
A5;1;6420;63870;VL;3.5;22/10/1993 00:00:00
A5;1;6420;39500;VM1;3.5;22/10/1993 00:00:00
A5;1;6420;63870;VR;3.5;22/10/1993 00:00:00
A5;1;63870;87360;VL;3.5;25/11/1994 00:00:00
A5;1;63870;87360;VR;3.5;25/11/1994 00:00:00
A5;1;87360;131052;VL;3.5;03/03/1992 00:00:00
A5;1;87360;131052;BAU;3.5;03/03/1992 00:00:00
A5;1;87360;131052;BDG;3.5;03/03/1992 00:00:00
A5;1;87360;131052;VR;3.5;03/03/1992 00:00:00
A5;1;131052;131200;VL;3.5;24/07/1988 00:00:00
A5;1;131052;131200;BAU;3.5;24/07/1988 00:00:00
A5;1;131052;131200;BDG;3.5;24/07/1988 00:00:00
A5;1;131052;131200;VR;3.5;24/07/1988 00:00:00
A5;1;131200;181049;VL;3.5;21/07/1988 00:00:00
A5;1;131200;181049;BAU;3.5;21/07/1988 00:00:00
A5;1;131200;181049;BDG;3.5;21/07/1988 00:00:00
A5;1;131200;185347;VR;3.5;21/07/1988 00:00:00
A5;1;181049;182579;VL;3.5;22/07/1988 00:00:00
A5;1;181049;182579;BAU;3.5;21/07/1988 00:00:00
A5;1;181049;182579;BDG;3.5;21/07/1988 00:00:00
A5;1;181049;182579;VM1;3.5;21/07/1988 00:00:00
A5;1;182579;185347;VL;3.5;21/07/1988 00:00:00
A5;1;182579;185347;BAU;3.5;21/07/1988 00:00:00
A5;1;182579;185347;BDG;3.5;21/07/1988 00:00:00
A5;1;185347;208012;VL;3.5;23/07/1988 00:00:00
A5;1;185347;208012;BAU;3.5;23/07/1988 00:00:00
A5;1;185347;208012;BDG;3.5;23/07/1988 00:00:00
A5;1;185347;208012;VR;3.5;23/07/1988 00:00:00
A5;1;208012;227168;VL;3.5;24/02/1981 00:00:00
A5;1;208012;227168;BAU;3.5;24/02/1981 00:00:00
A5;1;208012;227168;BDG;3.5;24/02/1981 00:00:00
A5;1;208012;227168;VR;3.5;24/02/1981 00:00:00
A6;1;165880;167000;BAU;3.5;05/01/1964 00:00:00
A6;1;165880;167000;VS;3.5;05/01/1964 00:00:00
A6;1;167000;179349;BAU;3.5;05/01/1964 00:00:00
A6;1;179350;265000;VL;3.5;19/09/1966 00:00:00
A6;1;179350;265000;BAU;3.5;19/09/1966 00:00:00
A6;1;179350;265000;BDG;3.5;19/09/1966 00:00:00
A6;1;179350;265000;VR;3.5;19/09/1966 00:00:00
A6;1;265000;304604;VL;3.5;13/06/1968 00:00:00
A6;1;265000;281605;BAU;3.5;13/06/1968 00:00:00
A6;1;265000;281605;BDG;3.5;13/06/1968 00:00:00
A6;1;265000;304400;VR;3.5;13/06/1968 00:00:00
A6;1;281605;285105;BAU;3.5;13/06/1968 00:00:00
A6;1;281605;285105;BDG;3.5;13/06/1968 00:00:00
A6;1;281605;285105;VS;3.5;13/06/1968 00:00:00
A6;1;285105;286800;BAU;3.5;13/06/1968 00:00:00
A6;1;285105;286800;BDG;3.5;13/06/1968 00:00:00
A6;1;285105;286800;VS;3.5;19/09/1991 00:00:00
A6;1;286800;289100;BAU;3.5;13/06/1968 00:00:00
A6;1;286800;289100;BDG;3.5;13/06/1968 00:00:00
A6;1;286800;289100;VS;3.5;13/06/1968 00:00:00
A6;1;289100;304400;BAU;3.5;13/06/1968 00:00:00
A6;1;289100;304400;BDG;3.5;13/06/1968 00:00:00
A6;1;304400;304604;BAU;3.5;13/06/1968 00:00:00
A6;1;304400;304604;BDG;3.5;13/06/1968 00:00:00
A6;1;304400;304604;VM1;3.5;13/06/1968 00:00:00
A6;1;304400;304604;VR;3.5;22/03/1982 00:00:00
A6;1;304604;314700;VL;3.5;15/11/1991 00:00:00
A6;1;304604;305000;BAU;3.5;13/06/1968 00:00:00
A6;1;304604;305000;BDG;3.5;13/06/1968 00:00:00
A6;1;304604;305000;VM1;3.5;13/06/1968 00:00:00
A6;1;304604;305000;VM2;3.5;13/06/1968 00:00:00
A6;1;304604;305000;VM3;3.5;13/11/1991 00:00:00
A6;1;304604;305000;VR;3.5;13/11/1991 00:00:00
A6;1;305000;314700;BAU;3.5;13/06/1968 00:00:00
A6;1;305000;314700;BDG;3.5;13/06/1968 00:00:00
A6;1;305000;314700;VM1;3.5;13/06/1968 00:00:00
A6;1;305000;314700;VM2;3.5;13/06/1968 00:00:00
A6;1;305000;320900;VR;3.5;22/03/1982 00:00:00
A6;1;314700;354900;VL;3.5;13/06/1968 00:00:00
A6;1;314700;320900;BAU;3.5;13/06/1968 00:00:00
A6;1;314700;320900;BDG;3.5;13/06/1968 00:00:00
A6;1;314700;320900;VM1;3.5;13/06/1968 00:00:00
A6;1;320900;329300;BAU;3.5;13/06/1968 00:00:00
A6;1;320900;329300;BDG;3.5;13/06/1968 00:00:00
A6;1;320900;329300;VM1;3.5;13/06/1968 00:00:00
A6;1;320900;329300;VR;3.5;06/10/1982 00:00:00
A6;1;329300;337750;BAU;3.5;13/06/1968 00:00:00
A6;1;329300;337750;BDG;3.5;13/06/1968 00:00:00
A6;1;329300;337750;VM1;3.5;13/06/1968 00:00:00
A6;1;329300;337750;VR;3.5;28/02/1983 00:00:00
A6;1;337750;352708;BAU;3.5;13/06/1968 00:00:00
A6;1;337750;352708;BDG;3.5;13/06/1968 00:00:00
A6;1;337750;352708;VM1;3.5;13/06/1968 00:00:00
A6;1;337750;352708;VR;3.5;16/09/1983 00:00:00
A6;1;352708;354900;BAU;3.5;13/06/1968 00:00:00
A6;1;352708;354900;BDG;3.5;13/06/1968 00:00:00
A6;1;352708;354900;VM1;3.5;13/06/1968 00:00:00
A6;1;352708;354900;VR;3.5;13/06/1968 00:00:00
A6;1;354900;421000;VL;3.5;06/03/1990 00:00:00
A6;1;354900;356720;BAU;3.5;06/03/1990 00:00:00
A6;1;354900;356720;BDG;3.5;06/03/1990 00:00:00
A6;1;354900;356720;VM1;3.5;06/03/1990 00:00:00
A6;1;354900;356720;VR;3.5;02/11/1970 00:00:00
A6;1;356720;369000;BAU;3.5;06/03/1990 00:00:00
A6;1;356720;369000;BDG;3.5;06/03/1990 00:00:00
A6;1;356720;369000;VM1;3.5;06/03/1990 00:00:00
A6;1;356720;369000;VR;3.5;15/02/1984 00:00:00
A6;1;369000;382900;BAU;3.5;06/03/1990 00:00:00
A6;1;369000;382900;BDG;3.5;06/03/1990 00:00:00
A6;1;369000;382900;VM1;3.5;06/03/1990 00:00:00
A6;1;369000;382900;VR;3.5;30/08/1984 00:00:00
A6;1;382900;389000;BAU;3.5;06/03/1990 00:00:00
A6;1;382900;389000;BDG;3.5;06/03/1990 00:00:00
A6;1;382900;389000;VM1;3.5;06/03/1990 00:00:00
A6;1;382900;389000;VR;3.5;11/03/1987 00:00:00
A6;1;389000;410000;BAU;3.5;06/03/1990 00:00:00
A6;1;389000;410000;BDG;3.5;06/03/1990 00:00:00
A6;1;389000;410000;VM1;3.5;06/03/1990 00:00:00
A6;1;389000;410000;VR;3.5;08/03/1989 00:00:00
A6;1;410000;421000;BAU;3.5;06/03/1990 00:00:00
A6;1;410000;421000;BDG;3.5;06/03/1990 00:00:00
A6;1;410000;421000;VM1;3.5;06/03/1990 00:00:00
A6;1;410000;421000;VR;3.5;06/03/1990 00:00:00
A6;1;421000;426800;VL;3.5;06/01/1965 00:00:00
A6;1;421000;426800;BAU;3.5;06/01/1965 00:00:00
A6;1;421000;426800;BDG;3.5;06/01/1965 00:00:00
A6;1;421000;426800;VM1;3.5;06/01/1965 00:00:00
A6;1;421000;426800;VR;3.5;04/03/1986 00:00:00
A6;1;427600;429900;VL;3.5;06/01/1965 00:00:00
A6;1;427600;428100;BAU;3.5;06/01/1965 00:00:00
A6;1;427600;428100;BDG;3.5;06/01/1965 00:00:00
A6;1;427600;428100;VM1;3.5;06/01/1965 00:00:00
A6;1;427600;428100;VR;3.5;04/03/1986 00:00:00
A6;1;428100;429900;BAU;3.5;06/01/1965 00:00:00
A6;1;428100;429900;BDG;3.5;06/01/1965 00:00:00
A6;1;428100;429900;VM1;3.5;06/01/1965 00:00:00
A6;1;428100;434100;VR;3.5;23/09/1988 00:00:00
A6;1;429900;431460;VL;3.5;05/11/1991 00:00:00
A6;1;429900;431460;BAU;3.5;06/01/1965 00:00:00
A6;1;429900;431460;BDG;3.5;06/01/1965 00:00:00
A6;1;429900;431460;VM1;3.5;06/01/1965 00:00:00
A6;1;429900;431460;VM2;3.5;06/01/1965 00:00:00
A6;1;431460;433000;VL;3.5;06/01/1965 00:00:00
A6;1;431460;433000;BAU;3.5;06/01/1965 00:00:00
A6;1;431460;433000;BDG;3.5;06/01/1965 00:00:00
A6;1;431460;433000;VM1;3.5;06/01/1965 00:00:00
A6;1;433000;444750;VL;3.5;05/01/1968 00:00:00
A6;1;433000;434100;BAU;3.5;05/01/1968 00:00:00
A6;1;433000;434100;BDG;3.5;05/01/1968 00:00:00
A6;1;433000;434100;VM1;3.5;05/01/1968 00:00:00
A6;1;434100;440500;BAU;3.5;05/01/1968 00:00:00
A6;1;434100;440500;BDG;3.5;05/01/1968 00:00:00
A6;1;434100;443500;VR;3.5;05/01/1968 00:00:00
A6;1;440500;443500;BAU;3.5;05/01/1968 00:00:00
A6;1;440500;443500;BDG;3.5;05/01/1968 00:00:00
A6;1;440500;443500;VM1;3.5;05/01/1968 00:00:00
A6;1;443500;444750;BAU;3.5;05/01/1968 00:00:00
A6;1;443500;444750;BDG;3.5;05/01/1968 00:00:00
A6;1;443500;444750;VM1;3.5;05/01/1968 00:00:00
A6;1;443500;444750;VR;3.5;04/03/1986 00:00:00
A105;1;0;9976;VL;3.5;25/11/1994 00:00:00
A105;1;0;9976;VR;3.5;25/11/1994 00:00:00
A31;1;88200;91200;VR;3.5;17/07/1979 00:00:00
A31;1;91200;99700;VL;3.5;17/07/1979 00:00:00
A31;1;91200;99700;BAU;3.5;17/07/1979 00:00:00
A31;1;91200;99700;BDG;3.5;17/07/1979 00:00:00
A31;1;91200;99700;EE;3.5;31/10/2008 00:00:00
A31;1;91200;99700;VR;3.5;17/07/1979 00:00:00
A31;1;99700;100800;VL;3.5;17/07/1979 00:00:00
A31;1;99700;100800;BAU;3.5;17/07/1979 00:00:00
A31;1;99700;100800;BDG;3.5;17/07/1979 00:00:00
A31;1;99700;100800;VR;3.5;17/07/1979 00:00:00
A31;1;100800;112470;VL;3.5;24/02/1981 00:00:00
A31;1;100800;112470;BAU;3.5;24/02/1981 00:00:00
A31;1;100800;112470;BDG;3.5;24/02/1981 00:00:00
A31;1;100800;112470;VR;3.5;24/02/1981 00:00:00
A31;1;112470;114055;VL;3.5;24/02/1981 00:00:00
A31;1;112470;114055;BAU;3.5;24/02/1981 00:00:00
A31;1;112470;114055;BDG;3.5;24/02/1981 00:00:00
A31;1;112470;114055;EE;3.5;30/06/2005 00:00:00
A31;1;112470;114055;VR;3.5;24/02/1981 00:00:00
A31;1;114055;120843;VL;3.5;24/02/1981 00:00:00
A31;1;114055;120843;BAU;3.5;24/02/1981 00:00:00
A31;1;114055;120843;BDG;3.5;24/02/1981 00:00:00
A31;1;114055;120843;VR;3.5;24/02/1981 00:00:00
A31;1;120843;148536;VL;3.5;07/05/1981 00:00:00
A31;1;120843;148536;BAU;3.5;07/05/1981 00:00:00
A31;1;120843;148536;BDG;3.5;07/05/1981 00:00:00
A31;1;120843;148536;VR;3.5;07/05/1981 00:00:00
A31;1;148536;225210;VL;3.5;07/06/1981 00:00:00
A31;1;148536;225210;BAU;3.5;07/06/1981 00:00:00
A31;1;148536;225210;BDG;3.5;07/06/1981 00:00:00
A31;1;148536;225210;VR;3.5;07/06/1981 00:00:00
A31;1;225910;228481;VL;3.5;09/05/1981 00:00:00
A31;1;225910;228481;BAU;3.5;09/05/1981 00:00:00
A31;1;225910;228481;BDG;3.5;09/05/1981 00:00:00
A31;1;225910;228481;VR;3.5;09/05/1981 00:00:00
A404;2;0;20348;VL;3.5;29/11/1997 00:00:00
A404;2;0;20348;VR;3.5;29/11/1997 00:00:00
A5A;1;0;9476;VL;3.5;01/07/1995 00:00:00
A5A;1;0;9476;VM1;3.5;01/07/1995 00:00:00
A5A;1;0;9476;VR;3.5;01/07/1995 00:00:00
A26;2;372700;393968;BAU;3.5;25/01/1991 00:00:00
A26;2;372700;393968;BDG;3.5;25/01/1991 00:00:00
A26;2;372700;393968;VL;3.5;25/01/1991 00:00:00
A26;2;372700;393968;VR;3.5;25/01/1991 00:00:00
A31;2;0;1300;VL;3.5;15/05/1973 00:00:00
A31;2;0;1300;BAU;3.5;15/05/1973 00:00:00
A31;2;0;1300;BDG;3.5;15/05/1973 00:00:00
A31;2;0;1300;VM1;3.5;15/05/1973 00:00:00
A31;2;0;1300;VR;3.5;03/03/1992 00:00:00
A31;2;1300;4780;VL;3.5;11/03/1992 00:00:00
A31;2;1300;4780;BAU;3.5;15/05/1973 00:00:00
A31;2;1300;4780;BDG;3.5;15/05/1973 00:00:00
A31;2;1300;4780;VM1;3.5;15/05/1973 00:00:00
A31;2;1300;4780;VR;3.5;15/05/1973 00:00:00
A31;2;4780;5200;VL;3.5;15/05/1973 00:00:00
A31;2;4780;5200;BAU;3.5;15/05/1973 00:00:00
A31;2;4780;5200;BDG;3.5;15/05/1973 00:00:00
A31;2;4780;5200;VR;3.5;15/05/1973 00:00:00
A31;2;5200;15000;VL;3.5;15/05/1973 00:00:00
A31;2;5200;15000;BAU;3.5;15/05/1973 00:00:00
A31;2;5200;15000;BDG;3.5;15/05/1973 00:00:00
A31;2;5200;15000;EE;3.5;30/09/2007 00:00:00
A31;2;5200;15000;VR;3.5;15/05/1973 00:00:00
A31;2;15000;17030;VL;3.5;15/05/1973 00:00:00
A31;2;15000;17030;BAU;3.5;15/05/1973 00:00:00
A31;2;15000;17030;BDG;3.5;15/05/1973 00:00:00
A31;2;15000;17030;EE;3.5;30/09/2007 00:00:00
A31;2;15000;17030;VR;3.5;15/05/1973 00:00:00
A31;2;17030;27300;VL;3.5;15/05/1973 00:00:00
A31;2;17030;27300;BAU;3.5;15/05/1973 00:00:00
A31;2;17030;27300;BDG;3.5;15/05/1973 00:00:00
A31;2;17030;27300;VR;3.5;15/05/1973 00:00:00
A31;2;27300;39200;VL;3.5;03/04/1987 00:00:00
A31;2;27300;39200;BAU;3.5;03/04/1987 00:00:00
A31;2;27300;39200;BDG;3.5;03/04/1987 00:00:00
A31;2;27300;39200;VR;3.5;03/04/1987 00:00:00
A31;2;39200;40670;VL;3.5;03/04/1987 00:00:00
A31;2;39200;40670;BAU;3.5;03/04/1987 00:00:00
A31;2;39200;40670;BDG;3.5;03/04/1987 00:00:00
A31;2;39200;40670;EE;3.5;08/10/2008 00:00:00
A31;2;39200;40670;VR;3.5;03/04/1987 00:00:00
A31;2;40670;62300;VL;3.5;03/08/1985 00:00:00
A31;2;40670;62300;BAU;3.5;03/08/1985 00:00:00
A31;2;40670;62300;BDG;3.5;03/08/1985 00:00:00
A31;2;40670;62300;EE;3.5;08/10/2008 00:00:00
A31;2;40670;62300;VR;3.5;03/08/1985 00:00:00
A31;2;62300;62340;VL;3.5;03/08/1985 00:00:00
A31;2;62300;62340;BAU;3.5;03/08/1985 00:00:00
A31;2;62300;62340;BDG;3.5;03/08/1985 00:00:00
A31;2;62300;62340;VR;3.5;03/08/1985 00:00:00
A31;2;62340;69800;VL;3.5;03/08/1985 00:00:00
A31;2;62340;69800;BAU;3.5;03/08/1985 00:00:00
A31;2;62340;69800;BDG;3.5;03/08/1985 00:00:00
A31;2;62340;69800;EE;3.5;13/11/2007 00:00:00
A31;2;62340;69800;VR;3.5;03/08/1985 00:00:00
A31;2;69800;69820;VL;3.5;17/07/1979 00:00:00
A31;2;69800;69820;BAU;3.5;17/07/1979 00:00:00
A31;2;69800;69820;BDG;3.5;17/07/1979 00:00:00
A31;2;69800;69820;EE;3.5;13/11/2007 00:00:00
A31;2;69800;69820;VR;3.5;17/07/1979 00:00:00
A31;2;69820;74800;VL;3.5;17/07/1979 00:00:00
A31;2;69820;74800;BAU;3.5;17/07/1979 00:00:00
A31;2;69820;74800;BDG;3.5;17/07/1979 00:00:00
A31;2;69820;74800;EE;3.5;13/11/2007 00:00:00
A31;2;69820;74800;VR;3.5;17/07/1979 00:00:00
A31;2;74800;86500;VL;3.5;17/07/1979 00:00:00
A31;2;74800;86500;BAU;3.5;17/07/1979 00:00:00
A31;2;74800;86500;BDG;3.5;17/07/1979 00:00:00
A31;2;74800;86500;EE;3.5;30/06/2008 00:00:00
A31;2;74800;86500;VR;3.5;17/07/1979 00:00:00
A31;2;86500;88250;VL;3.5;17/07/1979 00:00:00
A31;2;86500;88250;BAU;3.5;17/07/1979 00:00:00
A31;2;86500;88250;BDG;3.5;17/07/1979 00:00:00
A31;2;86500;88250;EE;3.5;30/06/2008 00:00:00
A31;2;86500;88250;VR;3.5;17/07/1979 00:00:00
A31;2;88250;91200;VL;3.5;17/07/1979 00:00:00
A31;2;88250;91200;BAU;3.5;17/07/1979 00:00:00
A31;2;88250;91200;BDG;3.5;17/07/1979 00:00:00
A31;2;88250;91200;EE;3.5;13/11/2007 00:00:00
A31;2;88250;91200;VR;3.5;17/07/1979 00:00:00
A31;2;91200;99900;VL;3.5;17/07/1979 00:00:00
A31;2;91200;99900;BAU;3.5;17/07/1979 00:00:00
A31;2;91200;99900;BDG;3.5;17/07/1979 00:00:00
A31;2;91200;99900;EE;3.5;18/10/2007 00:00:00
A31;2;91200;99900;VR;3.5;17/07/1979 00:00:00
A31;2;99900;100800;VL;3.5;17/07/1979 00:00:00
A31;2;99900;100800;BAU;3.5;17/07/1979 00:00:00
A31;2;99900;100800;BDG;3.5;17/07/1979 00:00:00
A31;2;99900;100800;EE;3.5;30/07/2008 00:00:00
A31;2;99900;100800;VR;3.5;17/07/1979 00:00:00
A31;2;100800;110780;VL;3.5;24/02/1981 00:00:00
A31;2;100800;110780;BAU;3.5;24/02/1981 00:00:00
A31;2;100800;110780;BDG;3.5;24/02/1981 00:00:00
A31;2;100800;110780;EE;3.5;30/07/2008 00:00:00
A31;2;100800;110780;VR;3.5;24/02/1981 00:00:00
A31;2;110780;113090;VL;3.5;24/02/1981 00:00:00
A31;2;110780;113090;BAU;3.5;24/02/1981 00:00:00
A31;2;110780;113090;BDG;3.5;24/02/1981 00:00:00
A31;2;110780;113090;EE;3.5;30/06/2005 00:00:00
A31;2;110780;113090;VR;3.5;24/02/1981 00:00:00
