LIAISON_INF__LIAISON;CHAUSSEE_INF__SENS;ABS_DEB;ABS_FIN;CD_TPC_INF__CODE;LARGEUR
A36;3;198770;198870;ITPC;
A39;3;115495;115595;ITPC;
A39;3;117555;117655;ITPC;
A31;3;155897;155997;ITPC;
A31;3;157710;157810;ITPC;
A36;3;10360;10460;ITPC;
A6;3;110660;110760;ITPC;
A6;3;324520;324620;ITPC;
A40;3;155775;155875;ITPC;
A6;3;431480;431580;ITPC;
A71;3;332877;332977;ITPC;
A6;3;412500;412600;ITPC;
A6;3;412750;412850;ITPC;
A19;3;580;680;ITPC;
A6;3;253135;253235;ITPC;
A5;3;175135;175235;ITPC;
A31;3;61969;62069;ITPC;
A31;3;36060;36160;ITPC;
A6;3;313790;313890;ITPC;
A6;3;315640;315740;ITPC;
A5;3;33310;33410;ITPC;
A71;3;385256;385356;ITPC;
A42;3;52890;52990;ITPC;
A714;3;7470;7570;ITPC;
A40;3;140710;140810;ITPC;
A36;3;90550;90650;ITPC;
A404;3;5725;5825;ITPC;
A19;3;15180;15280;ITPC;
A6;3;316850;316950;ITPC;
A6;3;379850;379950;ITPC;
A36;3;36350;36450;ITPC;
A36;3;36930;37030;ITPC;
A36;3;30760;30860;ITPC;
A36;3;31985;32085;ITPC;
A5;3;195348;195448;ITPC;
A5;3;197440;197540;ITPC;
A5;3;86780;86880;ITPC;
A77;3;50050;50150;ITPC;
A40;3;138716;138816;ITPC;
A6;3;300764;300864;ITPC;
A6;3;301128;301228;ITPC;
A40;3;187420;187520;ITPC;
A71;3;346227;346327;ITPC;
A404;3;18121;18221;ITPC;
A77;3;73280;73380;ITPC;
A77;3;44700;44800;ITPC;
A77;3;48050;48150;ITPC;
A71;3;323067;323167;ITPC;
A77;3;95035;95135;ITPC;
A36;3;57580;57680;ITPC;
A36;3;180680;180780;ITPC;
A77;3;29550;29650;ITPC;
A6;3;53600;53700;ITPC;
A77;3;39950;40050;ITPC;
A77;3;17950;18050;ITPC;
A6;3;226460;226560;ITPC;
A77;3;34950;35050;ITPC;
A71;3;317787;317887;ITPC;
A5;3;210583;210683;ITPC;
A31;3;96621;96721;ITPC;
A6;3;175400;175500;ITPC;
A71;3;282507;282607;ITPC;
A71;3;369120;369220;ITPC;
A42;3;12250;12350;ITPC;
A46;3;5230;5330;ITPC;
A46;3;7190;7290;ITPC;
A36;3;50150;50250;ITPC;
A5;3;114713;114813;ITPC;
A5;3;18880;18980;ITPC;
A39;3;13860;13960;ITPC;
A71;3;246919;247019;ITPC;
A36;3;16370;16470;ITPC;
A31;3;227419;227519;ITPC;
A5;3;8340;8440;ITPC;
A404;3;11174;11274;ITPC;
A5A;3;4750;4850;ITPC;
A406;3;5000;5100;ITPC;
A6;3;73020;73120;ITPC;
A77;3;80730;80830;ITPC;
A71;3;262359;262459;ITPC;
A71;3;251189;251289;ITPC;
A31;3;30350;30450;ITPC;
A6;3;232940;233040;ITPC;
A71;3;299967;300067;ITPC;
A31;3;72350;72450;ITPC;
A31;3;73890;73990;ITPC;
A31;3;137986;138086;ITPC;
A6;3;367580;367680;ITPC;
A39;3;128205;128305;ITPC;
A404;3;6624;6724;ITPC;
A404;3;9624;9724;ITPC;
A6;3;251090;251190;ITPC;
A46;3;15150;15250;ITPC;
A77;3;61750;61850;ITPC;
A6;3;189430;189530;ITPC;
A71;3;242169;242269;ITPC;
A36;3;39280;39380;ITPC;
A39;3;113365;113465;ITPC;
A42;3;4500;4600;ITPC;
A42;3;6750;6850;ITPC;
A71;3;317517;317617;ITPC;
A5;3;58510;58610;ITPC;
A5;3;47530;47630;ITPC;
A6;3;412200;412300;ITPC;
A6;3;391550;391650;ITPC;
A6;3;84400;84500;ITPC;
A6;3;86560;86660;ITPC;
A6;3;145650;145750;ITPC;
A36;3;78250;78350;ITPC;
A42;3;31900;32000;ITPC;
A39;3;76604;76704;ITPC;
A39;3;79015;79115;ITPC;
A714;3;9420;9520;ITPC;
A714;3;10044;10144;ITPC;
A5;3;160312;160412;ITPC;
A71;3;230947;231047;ITPC;
A71;3;375070;375170;ITPC;
A6;3;341090;341190;ITPC;
A5;3;191347;191447;ITPC;
A40;3;129936;130036;ITPC;
A6;3;193300;193400;ITPC;
A71;3;222947;223047;ITPC;
A391;3;3350;3450;ITPC;
A71;3;311187;311287;ITPC;
A6;3;441110;441210;ITPC;
A39;3;34228;34328;ITPC;
A77;3;99050;99150;ITPC;
A31;3;39220;39320;ITPC;
A5;3;145000;145100;ITPC;
A5;3;147011;147111;ITPC;
A432;3;13748;13848;ITPC;
A39;3;29288;29388;ITPC;
A5;3;137700;137800;ITPC;
A5;3;124230;124330;ITPC;
A40;3;115700;115800;ITPC;
A39;3;40138;40238;ITPC;
A6;3;356150;356250;ITPC;
A6;3;237410;237510;ITPC;
A71;3;279497;279597;ITPC;
A5;3;24810;24910;ITPC;
A5;3;26810;26910;ITPC;
A6;3;126940;127040;ITPC;
A6;3;209810;209910;ITPC;
A46;3;9500;9600;ITPC;
A6;3;320890;320990;ITPC;
A31;3;75082;75182;ITPC;
A6;3;404100;404200;ITPC;
A36;3;175030;175130;ITPC;
A5;3;87830;87930;ITPC;
A31;3;206583;206683;ITPC;
A77;3;7850;7950;ITPC;
A31;3;40600;40700;ITPC;
A42;3;23200;23300;ITPC;
A40;3;165225;165325;ITPC;
A6;3;390800;390900;ITPC;
A71;3;269589;269689;ITPC;
A31;3;22350;22450;ITPC;
A36;3;133790;133890;ITPC;
A5;3;10340;10440;ITPC;
A404;3;14221;14321;ITPC;
A39;3;124245;124345;ITPC;
A31;3;139820;139920;ITPC;
A31;3;89037;89137;ITPC;
A31;3;137170;137270;ITPC;
A71;3;218497;218597;ITPC;
A5;3;184959;185059;ITPC;
A77;3;80450;80550;ITPC;
A71;3;357530;357630;ITPC;
A40;3;171030;171130;ITPC;
A31;3;27930;28030;ITPC;
A6;3;245210;245310;ITPC;
A5;3;34900;35000;ITPC;
A71;3;286197;286297;ITPC;
A31;3;223142;223242;ITPC;
A71;3;375520;375620;ITPC;
A71;3;319347;319447;ITPC;
A6;3;269400;269500;ITPC;
A39;3;49248;49348;ITPC;
A39;3;136195;136295;ITPC;
A432;3;18105;18205;ITPC;
A31;3;45350;45450;ITPC;
A36;3;193450;193550;ITPC;
A432;3;21240;21340;ITPC;
A6;3;213450;213550;ITPC;
A36;3;119480;119580;ITPC;
A71;3;259429;259529;ITPC;
A31;3;17500;17600;ITPC;
A31;3;192031;192131;ITPC;
A36;3;7870;7970;ITPC;
A36;3;43770;43870;ITPC;
A5;3;132948;133048;ITPC;
A5;3;49720;49820;ITPC;
A5;3;166324;166424;ITPC;
A5;3;43750;43850;ITPC;
A39;3;82940;83040;ITPC;
A6;3;442220;442320;ITPC;
A40;3;198371;198471;ITPC;
A40;3;199136;199236;ITPC;
A40;3;199774;199874;ITPC;
A40;3;204410;204510;ITPC;
A71;3;242389;242489;ITPC;
A6;3;434490;434590;ITPC;
A36;3;123870;123970;ITPC;
A36;3;196070;196170;ITPC;
A36;3;196700;196800;ITPC;
A5;3;162307;162407;ITPC;
A6;3;105190;105290;ITPC;
A6;3;361280;361380;ITPC;
A77;3;91010;91110;ITPC;
A40;3;130820;130920;ITPC;
A36;3;205150;205250;ITPC;
A36;3;207280;207380;ITPC;
A77;3;52100;52200;ITPC;
A77;3;36450;36550;ITPC;
A36;3;211230;211330;ITPC;
A6;3;241610;241710;ITPC;
A6;3;342100;342200;ITPC;
A31;3;186271;186371;ITPC;
A5;3;131500;131600;ITPC;
A5;3;227221;227321;ITPC;
A6;3;151500;151600;ITPC;
A6;3;154090;154190;ITPC;
A6;3;174350;174450;ITPC;
A36;3;170800;170900;ITPC;
A6;3;130250;130350;ITPC;
A19;3;28650;28750;ITPC;
A36;3;200870;200970;ITPC;
A46;3;8230;8330;ITPC;
A36;3;159690;159790;ITPC;
A36;3;106820;106920;ITPC;
A71;3;363530;363630;ITPC;
A5;3;6260;6360;ITPC;
A42;3;51300;51400;ITPC;
A71;3;346557;346657;ITPC;
A404;3;19591;19691;ITPC;
A71;3;301977;302077;ITPC;
A5;3;88320;88420;ITPC;
A5;3;90384;90484;ITPC;
A5;3;92470;92570;ITPC;
A71;3;223627;223727;ITPC;
A19;3;26900;27000;ITPC;
A40;3;130076;130176;ITPC;
A31;3;98430;98530;ITPC;
A5;3;216057;216157;ITPC;
A5;3;218083;218183;ITPC;
A71;3;359540;359640;ITPC;
A31;3;83409;83509;ITPC;
A6;3;427950;428050;ITPC;
A6;3;429000;429100;ITPC;
A36;3;161190;161290;ITPC;
A71;3;327592;327692;ITPC;
A71;3;328851;328951;ITPC;
A31;3;204607;204707;ITPC;
A6;3;139950;140050;ITPC;
A36;3;36050;36150;ITPC;
A36;3;146250;146350;ITPC;
A5;3;80380;80480;ITPC;
A5;3;135334;135434;ITPC;
A6;3;158770;158870;ITPC;
A6;3;160440;160540;ITPC;
A6;3;162590;162690;ITPC;
A6;3;70800;70900;ITPC;
A406;3;850;950;ITPC;
A40;3;172392;172492;ITPC;
A36;3;79570;79670;ITPC;
A6;3;373550;373650;ITPC;
A6;3;374850;374950;ITPC;
A6;3;375750;375850;ITPC;
A46;3;12990;13090;ITPC;
A5;3;36770;36870;ITPC;
A77;3;86620;86720;ITPC;
A6;3;87800;87900;ITPC;
A6;3;89870;89970;ITPC;
A6;3;99030;99130;ITPC;
A6;3;111090;111190;ITPC;
A31;3;208669;208769;ITPC;
A31;3;210481;210581;ITPC;
A31;3;144410;144510;ITPC;
A36;3;172120;172220;ITPC;
A6;3;137750;137850;ITPC;
A6;3;321260;321360;ITPC;
A39;3;16620;16720;ITPC;
A39;3;122205;122305;ITPC;
A5A;3;4180;4280;ITPC;
A31;3;146205;146305;ITPC;
A40;3;125650;125750;ITPC;
A6;3;190780;190880;ITPC;
A6;3;255750;255850;ITPC;
A36;3;142210;142310;ITPC;
A71;3;284307;284407;ITPC;
A71;3;332307;332407;ITPC;
A6;3;318070;318170;ITPC;
A31;3;13950;14050;ITPC;
A39;3;111400;111500;ITPC;
A40;3;110880;110980;ITPC;
A40;3;162425;162525;ITPC;
A46;3;21650;21750;ITPC;
A31;3;108795;108895;ITPC;
A36;3;49600;49700;ITPC;
A36;3;114860;114960;ITPC;
A6;3;127530;127630;ITPC;
A6;3;127710;127810;ITPC;
A5;3;212340;212440;ITPC;
A36;3;50670;50770;ITPC;
A26;3;383100;383200;ITPC;
A36;3;72400;72500;ITPC;
A40;3;196594;196694;ITPC;
A36;3;178990;179090;ITPC;
A36;3;165740;165840;ITPC;
A36;3;166700;166800;ITPC;
A6;3;164750;164850;ITPC;
A26;3;387028;387128;ITPC;
A39;3;66461;66561;ITPC;
A31;3;69830;69930;ITPC;
A31;3;70428;70528;ITPC;
A77;3;100500;100600;ITPC;
A19;3;17810;17910;ITPC;
A39;3;94060;94160;ITPC;
A5;3;113580;113680;ITPC;
A5;3;31060;31160;ITPC;
A71;3;253429;253529;ITPC;
A71;3;266009;266109;ITPC;
A36;3;59860;59960;ITPC;
A31;3;149880;149980;ITPC;
A406;3;2300;2400;ITPC;
A432;3;4660;4760;ITPC;
A36;3;55590;55690;ITPC;
A40;3;168350;168450;ITPC;
A42;3;18100;18200;ITPC;
A42;3;24150;24250;ITPC;
A6;3;111370;111470;ITPC;
A36;3;73560;73660;ITPC;
A432;3;28750;28850;ITPC;
A39;3;32158;32258;ITPC;
A19;3;7550;7650;ITPC;
A6;3;58850;58950;ITPC;
A31;3;94960;95060;ITPC;
A5;3;136050;136150;ITPC;
A26;3;380024;380124;ITPC;
A5;3;102890;102990;ITPC;
A5;3;104950;105050;ITPC;
A71;3;354560;354660;ITPC;
A5;3;20920;21020;ITPC;
A36;3;30550;30650;ITPC;
A31;3;115462;115562;ITPC;
A31;3;164070;164170;ITPC;
A42;3;48400;48500;ITPC;
A31;3;130;230;ITPC;
A31;3;43251;43351;ITPC;
A39;3;72568;72668;ITPC;
A39;3;74594;74694;ITPC;
A6;3;51650;51750;ITPC;
A71;3;274377;274477;ITPC;
A71;3;275877;275977;ITPC;
A31;3;47001;47101;ITPC;
A31;3;47523;47623;ITPC;
A31;3;53553;53653;ITPC;
A31;3;103349;103449;ITPC;
A31;3;85287;85387;ITPC;
A31;3;86505;86605;ITPC;
A36;3;78580;78680;ITPC;
A71;3;294627;294727;ITPC;
A19;3;9550;9650;ITPC;
A71;3;336447;336547;ITPC;
A71;3;338217;338317;ITPC;
A39;3;18990;19090;ITPC;
A36;3;150400;150500;ITPC;
A19;3;11530;11630;ITPC;
A6;3;201750;201850;ITPC;
A6;3;203500;203600;ITPC;
A6;3;107330;107430;ITPC;
A71;3;251009;251109;ITPC;
A71;3;307227;307327;ITPC;
A6;3;444210;444310;ITPC;
A5;3;60730;60830;ITPC;
A5;3;84130;84230;ITPC;
A5;3;187204;187304;ITPC;
A719;3;4450;4550;ITPC;
A42;3;38950;39050;ITPC;
A432;3;19905;20005;ITPC;
A36;3;155830;155930;ITPC;
A5;3;16920;17020;ITPC;
A77;3;16150;16250;ITPC;
A39;3;100410;100510;ITPC;
A5;3;13690;13790;ITPC;
A31;3;87115;87215;ITPC;
A77;3;92910;93010;ITPC;
A5;3;157715;157815;ITPC;
A71;3;319797;319897;ITPC;
A71;3;291407;291507;ITPC;
A71;3;257419;257519;ITPC;
A391;3;1350;1450;ITPC;
A6;3;425920;426020;ITPC;
A719;3;2050;2150;ITPC;
A71;3;212797;212897;ITPC;
A5;3;222193;222293;ITPC;
A6;3;408000;408100;ITPC;
A6;3;363230;363330;ITPC;
A6;3;369630;369730;ITPC;
A6;3;166010;166110;ITPC;
A5;3;63280;63380;ITPC;
A6;3;62350;62450;ITPC;
A6;3;64450;64550;ITPC;
A39;3;130225;130325;ITPC;
A39;3;44868;44968;ITPC;
A6;3;185660;185760;ITPC;
A71;3;294837;294937;ITPC;
A36;3;124400;124500;ITPC;
A31;3;11200;11300;ITPC;
A31;3;71076;71176;ITPC;
A19;3;17400;17500;ITPC;
A77;3;28550;28650;ITPC;
A36;3;162190;162290;ITPC;
A36;3;88220;88320;ITPC;
A77;3;9550;9650;ITPC;
A77;3;30850;30950;ITPC;
A36;3;92190;92290;ITPC;
A39;3;108395;108495;ITPC;
A5;3;128928;129028;ITPC;
A5;3;130852;130952;ITPC;
A6;3;271370;271470;ITPC;
A71;3;243869;243969;ITPC;
A77;3;2090;2190;ITPC;
A31;3;139541;139641;ITPC;
A39;3;15570;15670;ITPC;
A71;3;374780;374880;ITPC;
A31;3;90978;91078;ITPC;
A6;3;296890;296990;ITPC;
A77;3;38450;38550;ITPC;
A71;3;229567;229667;ITPC;
A5;3;214211;214311;ITPC;
A6;3;380390;380490;ITPC;
A77;3;27600;27700;ITPC;
A5;3;69230;69330;ITPC;
A5;3;70990;71090;ITPC;
A31;3;166047;166147;ITPC;
A71;3;333687;333787;ITPC;
A6;3;164960;165060;ITPC;
A404;3;17551;17651;ITPC;
A5;3;208430;208530;ITPC;
A6;3;351560;351660;ITPC;
A6;3;224100;224200;ITPC;
A5;3;94600;94700;ITPC;
A31;3;140215;140315;ITPC;
A31;3;214813;214913;ITPC;
A31;3;214924;215024;ITPC;
A31;3;225235;225335;ITPC;
A31;3;225935;226035;ITPC;
A40;3;137756;137856;ITPC;
A39;3;134125;134225;ITPC;
A31;3;226665;226765;ITPC;
A31;3;227090;227190;ITPC;
A71;3;264169;264269;ITPC;
A432;3;1860;1960;ITPC;
A77;3;5390;5490;ITPC;
A5;3;96650;96750;ITPC;
A5;3;119610;119710;ITPC;
A31;3;198270;198370;ITPC;
A31;3;200696;200796;ITPC;
A31;3;202535;202635;ITPC;
A31;3;81162;81262;ITPC;
A46;3;19450;19550;ITPC;
A36;3;167300;167400;ITPC;
A6;3;387400;387500;ITPC;
A6;3;54950;55050;ITPC;
A6;3;143750;143850;ITPC;
A6;3;239300;239400;ITPC;
A5;3;98710;98810;ITPC;
A6;3;273770;273870;ITPC;
A5;3;189348;189448;ITPC;
A5;3;28810;28910;ITPC;
A40;3;192400;192500;ITPC;
A40;3;194405;194505;ITPC;
A31;3;100032;100132;ITPC;
A42;3;25250;25350;ITPC;
A6;3;78770;78870;ITPC;
A5;3;134823;134923;ITPC;
A6;3;357450;357550;ITPC;
A31;3;186020;186120;ITPC;
A31;3;188101;188201;ITPC;
A36;3;8800;8900;ITPC;
A36;3;50250;50350;ITPC;
A42;3;18800;18900;ITPC;
A42;3;21150;21250;ITPC;
A77;3;81510;81610;ITPC;
A31;3;650;750;ITPC;
A77;3;98400;98500;ITPC;
A31;3;185791;185891;ITPC;
A6;3;326720;326820;ITPC;
A71;3;355460;355560;ITPC;
A5;3;31680;31780;ITPC;
A5;3;39040;39140;ITPC;
A6;3;75530;75630;ITPC;
A77;3;32950;33050;ITPC;
A39;3;57758;57858;ITPC;
A39;3;59698;59798;ITPC;
A6;3;205950;206050;ITPC;
A6;3;72100;72200;ITPC;
A40;3;204850;204950;ITPC;
A39;3;21060;21160;ITPC;
A714;3;36;136;ITPC;
A71;3;279777;279877;ITPC;
A71;3;280107;280207;ITPC;
A31;3;169560;169660;ITPC;
A31;3;100398;100498;ITPC;
A39;3;106580;106680;ITPC;
A71;3;354240;354340;ITPC;
A36;3;26060;26160;ITPC;
A36;3;122140;122240;ITPC;
A39;3;140055;140155;ITPC;
A71;3;322617;322717;ITPC;
A46;3;23000;23100;ITPC;
A46;3;23800;23900;ITPC;
A40;3;127776;127876;ITPC;
A71;3;239827;239927;ITPC;
A19;3;5600;5700;ITPC;
A6;3;167270;167370;ITPC;
A39;3;8860;8960;ITPC;
A404;3;3204;3304;ITPC;
A36;3;46440;46540;ITPC;
A36;3;48250;48350;ITPC;
A71;3;303687;303787;ITPC;
A71;3;305217;305317;ITPC;
A432;3;22650;22750;ITPC;
A404;3;16621;16721;ITPC;
A31;3;176057;176157;ITPC;
A6;3;189870;189970;ITPC;
A71;3;234967;235067;ITPC;
A31;3;57446;57546;ITPC;
A5;3;111490;111590;ITPC;
A6;3;377950;378050;ITPC;
A6;3;212050;212150;ITPC;
A6;3;175630;175730;ITPC;
A6;3;81230;81330;ITPC;
A36;3;64070;64170;ITPC;
A6;3;124790;124890;ITPC;
A5A;3;5470;5570;ITPC;
A39;3;96040;96140;ITPC;
A39;3;65500;65600;ITPC;
A6;3;278860;278960;ITPC;
A31;3;76100;76200;ITPC;
A432;3;30580;30680;ITPC;
A5;3;30620;30720;ITPC;
A6;3;381990;382090;ITPC;
A6;3;385850;385950;ITPC;
A31;3;119720;119820;ITPC;
A19;3;23350;23450;ITPC;
A71;3;315627;315727;ITPC;
A31;3;99621;99721;ITPC;
A77;3;41950;42050;ITPC;
A77;3;43550;43650;ITPC;
A40;3;102025;102125;ITPC;
A40;3;102600;102700;ITPC;
A31;3;79526;79626;ITPC;
A36;3;197000;197100;ITPC;
A36;3;129580;129680;ITPC;
A36;3;112600;112700;ITPC;
A36;3;114120;114220;ITPC;
A6;3;299230;299330;ITPC;
A6;3;300490;300590;ITPC;
A77;3;12750;12850;ITPC;
A71;3;340317;340417;ITPC;
A5;3;208042;208142;ITPC;
A719;3;7100;7200;ITPC;
A31;3;92684;92784;ITPC;
A31;3;26450;26550;ITPC;
A77;3;14150;14250;ITPC;
A71;3;379090;379190;ITPC;
A71;3;293127;293227;ITPC;
A36;3;136340;136440;ITPC;
A36;3;138010;138110;ITPC;
A36;3;126040;126140;ITPC;
A36;3;127940;128040;ITPC;
A71;3;295287;295387;ITPC;
A71;3;297897;297997;ITPC;
A71;3;361530;361630;ITPC;
A36;3;12340;12440;ITPC;
A31;3;104822;104922;ITPC;
A5;3;131345;131445;ITPC;
A5;3;126878;126978;ITPC;
A39;3;13070;13170;ITPC;
A31;3;2550;2650;ITPC;
A36;3;72630;72730;ITPC;
A71;3;353110;353210;ITPC;
A31;3;175708;175808;ITPC;
A6;3;263990;264090;ITPC;
A6;3;264240;264340;ITPC;
A42;3;25700;25800;ITPC;
A5;3;45460;45560;ITPC;
A5;3;184567;184667;ITPC;
A40;3;188200;188300;ITPC;
A6;3;353620;353720;ITPC;
A36;3;191550;191650;ITPC;
A6;3;136360;136460;ITPC;
A39;3;50818;50918;ITPC;
A19;3;3760;3860;ITPC;
A36;3;52510;52610;ITPC;
A40;3;156900;157000;ITPC;
A31;3;15200;15300;ITPC;
A6;3;284920;285020;ITPC;
A6;3;215330;215430;ITPC;
A6;3;217670;217770;ITPC;
A6;3;287350;287450;ITPC;
A31;3;221165;221265;ITPC;
A31;3;142274;142374;ITPC;
A6;3;294790;294890;ITPC;
A31;3;65801;65901;ITPC;
A31;3;67978;68078;ITPC;
A31;3;124034;124134;ITPC;
A31;3;126317;126417;ITPC;
A31;3;102590;102690;ITPC;
A5;3;68200;68300;ITPC;
A6;3;57250;57350;ITPC;
A6;3;45210;45310;ITPC;
A39;3;55758;55858;ITPC;
A40;3;159510;159610;ITPC;
A42;3;17750;17850;ITPC;
A46;3;20100;20200;ITPC;
A6;3;123850;123950;ITPC;
A6;3;264620;264720;ITPC;
A404;3;13074;13174;ITPC;
A5;3;39190;39290;ITPC;
A36;3;32290;32390;ITPC;
A71;3;377530;377630;ITPC;
A5;3;72880;72980;ITPC;
A71;3;276897;276997;ITPC;
A71;3;278157;278257;ITPC;
A31;3;112980;113080;ITPC;
A36;3;39900;40000;ITPC;
A31;3;212206;212306;ITPC;
A432;3;26800;26900;ITPC;
A36;3;212970;213070;ITPC;
A6;3;306560;306660;ITPC;
A6;3;307000;307100;ITPC;
A6;3;396180;396280;ITPC;
A31;3;118002;118102;ITPC;
A714;3;5430;5530;ITPC;
A39;3;33928;34028;ITPC;
A432;3;11126;11226;ITPC;
A39;3;40648;40748;ITPC;
A39;3;69118;69218;ITPC;
A40;3;174781;174881;ITPC;
A40;3;176557;176657;ITPC;
A40;3;177200;177300;ITPC;
A6;3;243110;243210;ITPC;
A77;3;4590;4690;ITPC;
A36;3;68270;68370;ITPC;
A36;3;70430;70530;ITPC;
A406;3;6550;6650;ITPC;
A406;3;8135;8235;ITPC;
A406;3;8390;8490;ITPC;
A6;3;190450;190550;ITPC;
A6;3;350390;350490;ITPC;
A39;3;63298;63398;ITPC;
A5;3;185210;185310;ITPC;
A71;3;251429;251529;ITPC;
A36;3;116940;117040;ITPC;
A6;3;69900;70000;ITPC;
A39;3;138055;138155;ITPC;
A36;3;74490;74590;ITPC;
A6;3;115450;115550;ITPC;
A6;3;117370;117470;ITPC;
A39;3;48148;48248;ITPC;
A36;3;175685;175785;ITPC;
A36;3;175690;175790;ITPC;
A36;3;82620;82720;ITPC;
A36;3;51840;51940;ITPC;
A39;3;10850;10950;ITPC;
A26;3;377850;377950;ITPC;
A19;3;400;500;ITPC;
A46;3;25150;25250;ITPC;
A6;3;343910;344010;ITPC;
A36;3;149800;149900;ITPC;
A42;3;24700;24800;ITPC;
A6;3;228510;228610;ITPC;
A6;3;230760;230860;ITPC;
A6;3;261200;261300;ITPC;
A6;3;154910;155010;ITPC;
A40;3;189392;189492;ITPC;
A71;3;387051;387151;ITPC;
A77;3;57950;58050;ITPC;
A5;3;142901;143001;ITPC;
A77;3;5830;5930;ITPC;
A719;3;6550;6650;ITPC;
A39;3;24358;24458;ITPC;
A6;3;394650;394750;ITPC;
A77;3;65050;65150;ITPC;
A31;3;59599;59699;ITPC;
A77;3;63750;63850;ITPC;
A31;3;141020;141120;ITPC;
A31;3;162470;162570;ITPC;
A6;3;275580;275680;ITPC;
A36;3;108950;109050;ITPC;
A36;3;111100;111200;ITPC;
A31;3;120020;120120;ITPC;
A404;3;1344;1444;ITPC;
A31;3;122986;123086;ITPC;
A5;3;6880;6980;ITPC;
A36;3;8290;8390;ITPC;
A5;3;155199;155299;ITPC;
A19;3;25150;25250;ITPC;
A36;3;42090;42190;ITPC;
A5;3;100810;100910;ITPC;
A5;3;56320;56420;ITPC;
A5;3;172090;172190;ITPC;
A6;3;333190;333290;ITPC;
A36;3;215450;215550;ITPC;
A26;3;375720;375820;ITPC;
A19;3;16020;16120;ITPC;
A6;3;109470;109570;ITPC;
A6;3;110480;110580;ITPC;
A71;3;213847;213947;ITPC;
A6;3;391960;392060;ITPC;
A77;3;88010;88110;ITPC;
A71;3;309237;309337;ITPC;
A404;3;15481;15581;ITPC;
A6;3;93330;93430;ITPC;
A6;3;94450;94550;ITPC;
A6;3;95320;95420;ITPC;
A5;3;106950;107050;ITPC;
A31;3;190293;190393;ITPC;
A6;3;424650;424750;ITPC;
A31;3;153884;153984;ITPC;
A71;3;236677;236777;ITPC;
A42;3;18550;18650;ITPC;
A71;3;339657;339757;ITPC;
A6;3;400300;400400;ITPC;
A5;3;3220;3320;ITPC;
A5;3;4390;4490;ITPC;
A26;3;386819;386919;ITPC;
A39;3;51778;51878;ITPC;
A39;3;53758;53858;ITPC;
A71;3;217237;217337;ITPC;
A40;3;190924;191024;ITPC;
A404;3;6150;6250;ITPC;
A71;3;211287;211387;ITPC;
A6;3;97400;97500;ITPC;
A6;3;156940;157040;ITPC;
A6;3;355785;355885;ITPC;
A39;3;15870;15970;ITPC;
A36;3;103090;103190;ITPC;
A31;3;131640;131740;ITPC;
A71;3;334617;334717;ITPC;
A6;3;177460;177560;ITPC;
A6;3;179750;179850;ITPC;
A6;3;265950;266050;ITPC;
A5;3;41560;41660;ITPC;
A432;3;6880;6980;ITPC;
A40;3;163790;163890;ITPC;
A42;3;50400;50500;ITPC;
A36;3;53120;53220;ITPC;
A36;3;53420;53520;ITPC;
A6;3;247070;247170;ITPC;
A31;3;100601;100701;ITPC;
A31;3;24750;24850;ITPC;
A404;3;1044;1144;ITPC;
A5;3;31510;31610;ITPC;
A36;3;195390;195490;ITPC;
A40;3;102750;102850;ITPC;
A36;3;189250;189350;ITPC;
A36;3;22180;22280;ITPC;
A6;3;103090;103190;ITPC;
A26;3;393809;393909;ITPC;
A5;3;12340;12440;ITPC;
A36;3;84520;84620;ITPC;
A77;3;6650;6750;ITPC;
A6;3;209300;209400;ITPC;
A6;3;393550;393650;ITPC;
A6;3;91550;91650;ITPC;
A6;3;336650;336750;ITPC;
A6;3;411150;411250;ITPC;
A6;3;122540;122640;ITPC;
A39;3;21900;22000;ITPC;
A39;3;23908;24008;ITPC;
A31;3;77391;77491;ITPC;
A42;3;44950;45050;ITPC;
A6;3;60240;60340;ITPC;
A5;3;153215;153315;ITPC;
A5;3;54070;54170;ITPC;
A5;3;170090;170190;ITPC;
A36;3;59980;60080;ITPC;
A36;3;60670;60770;ITPC;
A31;3;173548;173648;ITPC;
A39;3;7030;7130;ITPC;
A39;3;8640;8740;ITPC;
A39;3;81305;81405;ITPC;
A39;3;104570;104670;ITPC;
A19;3;13550;13650;ITPC;
A31;3;137345;137445;ITPC;
A36;3;52130;52230;ITPC;
A6;3;257900;258000;ITPC;
A46;3;10550;10650;ITPC;
A46;3;1050;1150;ITPC;
A40;3;166950;167050;ITPC;
A5;3;121230;121330;ITPC;
A40;3;182169;182269;ITPC;
A40;3;136940;137040;ITPC;
A42;3;37100;37200;ITPC;
A40;3;134855;134955;ITPC;
A77;3;97690;97790;ITPC;
A39;3;84945;85045;ITPC;
A71;3;365530;365630;ITPC;
A71;3;313467;313567;ITPC;
A36;3;203370;203470;ITPC;
A39;3;137185;137285;ITPC;
A39;3;27358;27458;ITPC;
A71;3;272959;273059;ITPC;
A46;3;22700;22800;ITPC;
A42;3;14050;14150;ITPC;
A77;3;53850;53950;ITPC;
A39;3;102260;102360;ITPC;
A42;3;8750;8850;ITPC;
A36;3;10650;10750;ITPC;
A5;3;124930;125030;ITPC;
A71;3;330807;330907;ITPC;
A39;3;61558;61658;ITPC;
A432;3;24600;24700;ITPC;
A71;3;375240;375340;ITPC;
A71;3;367490;367590;ITPC;
A39;3;3960;4060;ITPC;
A46;3;15850;15950;ITPC;
A26;3;382139;382239;ITPC;
A36;3;60840;60940;ITPC;
A36;3;62230;62330;ITPC;
A19;3;4880;4980;ITPC;
A71;3;228187;228287;ITPC;
A5;3;35130;35230;ITPC;
A31;3;119796;119896;ITPC;
A31;3;161770;161870;ITPC;
A31;3;119159;119259;ITPC;
A6;3;61350;61450;ITPC;
A6;3;68350;68450;ITPC;
A6;3;423480;423580;ITPC;
A42;3;40950;41050;ITPC;
A42;3;42000;42100;ITPC;
A42;3;43200;43300;ITPC;
A6;3;113250;113350;ITPC;
A77;3;69610;69710;ITPC;
A77;3;71580;71680;ITPC;
A36;3;181300;181400;ITPC;
A36;3;183090;183190;ITPC;
A36;3;29650;29750;ITPC;
A31;3;20250;20350;ITPC;
A6;3;178950;179050;ITPC;
A31;3;64050;64150;ITPC;
A5;3;52150;52250;ITPC;
A6;3;77650;77750;ITPC;
A6;3;164300;164400;ITPC;
A6;3;289240;289340;ITPC;
A71;3;287277;287377;ITPC;
A5;3;149080;149180;ITPC;
A710W;3;12176;12276;ITPC;
A71;3;289377;289477;ITPC;
A36;3;199650;199750;ITPC;
A36;3;200110;200210;ITPC;
A40;3;140059;140159;ITPC;
A42;3;16050;16150;ITPC;
A42;3;34950;35050;ITPC;
A31;3;136126;136226;ITPC;
A6;3;353750;353850;ITPC;
A36;3;86000;86100;ITPC;
A40;3;130890;130990;ITPC;
A71;3;387731;387831;ITPC;
A71;3;350127;350227;ITPC;
A39;3;70768;70868;ITPC;
A5;3;178660;178760;ITPC;
A5;3;176569;176669;ITPC;
A5;3;139692;139792;ITPC;
A5;3;140740;140840;ITPC;
A6;3;325480;325580;ITPC;
A40;3;126200;126300;ITPC;
A26;3;387391;387491;ITPC;
A77;3;21250;21350;ITPC;
A6;3;101000;101100;ITPC;
A46;3;9710;9810;ITPC;
A42;3;7950;8050;ITPC;
A19;3;19750;19850;ITPC;
A40;3;166450;166550;ITPC;
A71;3;321057;321157;ITPC;
A432;3;16105;16205;ITPC;
A5;3;159008;159108;ITPC;
A36;3;154210;154310;ITPC;
A36;3;187420;187520;ITPC;
A36;3;96290;96390;ITPC;
A40;3;153300;153400;ITPC;
A40;3;139298;139398;ITPC;
A39;3;88525;88625;ITPC;
A39;3;1840;1940;ITPC;
A36;3;163520;163620;ITPC;
A39;3;42868;42968;ITPC;
A6;3;267590;267690;ITPC;
A31;3;6350;6450;ITPC;
A6;3;436550;436650;ITPC;
A6;3;438500;438600;ITPC;
A77;3;24550;24650;ITPC;
A5;3;310;410;ITPC;
A5;3;131212;131312;ITPC;
A5;3;206476;206576;ITPC;
A404;3;6025;6125;ITPC;
A5;3;123750;123850;ITPC;
A36;3;176125;176225;ITPC;
A31;3;171388;171488;ITPC;
A42;3;30000;30100;ITPC;
A42;3;31500;31600;ITPC;
A31;3;180248;180348;ITPC;
A19;3;2410;2510;ITPC;
A71;3;209887;209987;ITPC;
A31;3;4600;4700;ITPC;
A6;3;302120;302220;ITPC;
A6;3;165080;165180;ITPC;
A6;3;47400;47500;ITPC;
A6;3;142920;143020;ITPC;
A36;3;20110;20210;ITPC;
A36;3;20350;20450;ITPC;
A36;3;2860;2960;ITPC;
A40;3;125200;125300;ITPC;
A5;3;14190;14290;ITPC;
A5;3;15340;15440;ITPC;
A5;3;157170;157270;ITPC;
A5;3;157443;157543;ITPC;
A5;3;157560;157660;ITPC;
A5;3;108970;109070;ITPC;
A5;3;109780;109880;ITPC;
A71;3;267809;267909;ITPC;
A31;3;50160;50260;ITPC;
A77;3;74930;75030;ITPC;
A31;3;1380;1480;ITPC;
A19;3;21550;21650;ITPC;
A77;3;19650;19750;ITPC;
A71;3;215797;215897;ITPC;
A71;3;226837;226937;ITPC;
A404;3;13344;13444;ITPC;
A5;3;220190;220290;ITPC;
A71;3;261439;261539;ITPC;
A46;3;1450;1550;ITPC;
A46;3;2990;3090;ITPC;
A6;3;170320;170420;ITPC;
A31;3;120434;120534;ITPC;
A36;3;98150;98250;ITPC;
A42;3;16550;16650;ITPC;
A36;3;48550;48650;ITPC;
A31;3;176193;176293;ITPC;
A311;3;29210;29310;ITPC;
A6;3;292910;293010;ITPC;
A6;3;153110;153210;ITPC;
A6;3;153320;153420;ITPC;
A6;3;153540;153640;ITPC;
A6;3;153850;153950;ITPC;
A6;3;334280;334380;ITPC;
A6;3;335180;335280;ITPC;
A6;3;335390;335490;ITPC;
A46;3;16050;16150;ITPC;
A46;3;16750;16850;ITPC;
A77;3;81220;81320;ITPC;
A71;3;324477;324577;ITPC;
A39;3;14710;14810;ITPC;
A40;3;136340;136440;ITPC;
A5;3;227545;227645;ITPC;
A71;3;250809;250909;ITPC;
A5;3;74780;74880;ITPC;
A432;3;12450;12550;ITPC;
A6;3;48550;48650;ITPC;
A6;3;359580;359680;ITPC;
A6;3;402150;402250;ITPC;
A31;3;107028;107128;ITPC;
A36;3;209050;209150;ITPC;
A6;3;254550;254650;ITPC;
A311;3;30690;30790;ITPC;
A6;3;256150;256250;ITPC;
A36;3;18370;18470;ITPC;
A31;3;167850;167950;ITPC;
A42;3;12050;12150;ITPC;
A77;3;11700;11800;ITPC;
A36;3;90080;90180;ITPC;
A6;3;371870;371970;ITPC;
A71;3;342297;342397;ITPC;
A36;3;144380;144480;ITPC;
A6;3;440120;440220;ITPC;
A39;3;99510;99610;ITPC;
A5A;3;870;970;ITPC;
A31;3;27610;27710;ITPC;
A39;3;47338;47438;ITPC;
A39;3;4930;5030;ITPC;
A31;3;33390;33490;ITPC;
A39;3;86725;86825;ITPC;
A36;3;168990;169090;ITPC;
A5;3;168110;168210;ITPC;
A36;3;290;390;ITPC;
A6;3;308670;308770;ITPC;
A5;3;2180;2280;ITPC;
A71;3;271529;271629;ITPC;
A6;3;188100;188200;ITPC;
A77;3;54650;54750;ITPC;
A36;3;158050;158150;ITPC;
A36;3;5350;5450;ITPC;
A6;3;338760;338860;ITPC;
A6;3;219410;219510;ITPC;
A6;3;168000;168100;ITPC;
A71;3;382380;382480;ITPC;
A5;3;67390;67490;ITPC;
A77;3;23050;23150;ITPC;
A71;3;318327;318427;ITPC;
A5;3;174399;174499;ITPC;
A40;3;201600;201700;ITPC;
A42;3;49300;49400;ITPC;
A39;3;32398;32498;ITPC;
A36;3;176130;176230;ITPC;
A36;3;177240;177340;ITPC;
A71;3;371010;371110;ITPC;
A71;3;344217;344317;ITPC;
A77;3;85000;85100;ITPC;
A71;3;374380;374480;ITPC;
A31;3;177782;177882;ITPC;
A36;3;139840;139940;ITPC;
A77;3;96930;97030;ITPC;
A77;3;67300;67400;ITPC;
A77;3;68150;68250;ITPC;
A31;3;101355;101455;ITPC;
A6;2;304510;304610;ITPC;
A6;2;306140;306240;ITPC;
A6;3;291280;291380;ITPC;
A31;3;159722;159822;ITPC;
A5;3;670;770;ITPC;
A36;3;90290;90390;ITPC;
A77;3;10800;10900;ITPC;
A36;3;79480;79580;ITPC;
A6;3;310280;310380;ITPC;
A31;3;55550;55650;ITPC;
A36;3;11450;11550;ITPC;
A6;3;70150;70250;ITPC;
A26;3;389558;389658;ITPC;
A26;3;391683;391783;ITPC;
A5;3;78520;78620;ITPC;
A6;3;138750;138850;ITPC;
A5;3;155682;155782;ITPC;
A36;3;33630;33730;ITPC;
A719;3;7450;7550;ITPC;
A31;3;120917;121017;ITPC;
A71;3;220057;220157;ITPC;
A71;3;225127;225227;ITPC;
A31;3;151958;152058;ITPC;
A6;3;421160;421260;ITPC;
A6;3;66750;66850;ITPC;
A36;3;94170;94270;ITPC;
A6;3;331110;331210;ITPC;
A6;3;316480;316580;ITPC;
A6;3;329210;329310;ITPC;
A40;3;150425;150525;ITPC;
A40;3;152925;153025;ITPC;
A6;3;235470;235570;ITPC;
A5;3;202507;202607;ITPC;
A5;3;204506;204606;ITPC;
A6;3;183620;183720;ITPC;
A6;3;249180;249280;ITPC;
A36;3;14350;14450;ITPC;
A5;3;226190;226290;ITPC;
A46;3;19850;19950;ITPC;
A46;3;18750;18850;ITPC;
A6;3;220350;220450;ITPC;
A39;3;77805;77905;ITPC;
A5A;3;7450;7550;ITPC;
A6;3;327050;327150;ITPC;
A6;3;221950;222050;ITPC;
A6;3;279850;279950;ITPC;
A36;3;123710;123810;ITPC;
A5;3;115369;115469;ITPC;
A5;3;117620;117720;ITPC;
A31;3;140162;140262;ITPC;
A6;3;285790;285890;ITPC;
A5;3;64340;64440;ITPC;
A5;3;64960;65060;ITPC;
A5;3;67690;67790;ITPC;
A77;3;76580;76680;ITPC;
A77;3;78660;78760;ITPC;
A710W;3;11111;11211;ITPC;
A71;3;245399;245499;ITPC;
A6;3;255450;255550;ITPC;
A6;3;73710;73810;ITPC;
A6;3;195290;195390;ITPC;
A5;3;50;150;ITPC;
A31;3;214563;214663;ITPC;
A31;3;215035;215135;ITPC;
A39;3;39298;39398;ITPC;
A6;3;172800;172900;ITPC;
A6;3;365600;365700;ITPC;
A36;3;185490;185590;ITPC;
A77;3;87880;87980;ITPC;
A5;3;193346;193446;ITPC;
A5A;3;1960;2060;ITPC;
A5A;3;3080;3180;ITPC;
A71;3;384831;384931;ITPC;
A40;3;206050;206150;ITPC;
A39;3;26288;26388;ITPC;
A5;3;65950;66050;ITPC;
A31;3;185890;185990;ITPC;
A36;3;133110;133210;ITPC;
A31;3;219152;219252;ITPC;
A6;3;132250;132350;ITPC;
A6;3;134300;134400;ITPC;
A5;3;135600;135700;ITPC;
A71;3;241727;241827;ITPC;
A40;3;132876;132976;ITPC;
A40;3;146900;147000;ITPC;
A40;3;148270;148370;ITPC;
A40;3;141696;141796;ITPC;
A40;3;124800;124900;ITPC;
A36;3;174920;175020;ITPC;
A39;3;97925;98025;ITPC;
A40;3;178689;178789;ITPC;
A40;3;180460;180560;ITPC;
A6;3;431750;431850;ITPC;
A36;3;151740;151840;ITPC;
A6;3;420000;420100;ITPC;
A46;3;8580;8680;ITPC;
A36;3;100250;100350;ITPC;
A31;3;176000;176100;ITPC;
A31;3;183005;183105;ITPC;
A5;3;224155;224255;ITPC;
A5;3;199637;199737;ITPC;
A39;3;121465;121565;ITPC;
A39;3;35458;35558;ITPC;
A39;3;37468;37568;ITPC;
A31;3;139965;140065;ITPC;
A6;3;167420;167520;ITPC;
A71;3;280767;280867;ITPC;
A5;3;164314;164414;ITPC;
A6;3;409820;409920;ITPC;
A6;3;208800;208900;ITPC;
A36;3;81580;81680;ITPC;
A5;3;85300;85400;ITPC;
A404;3;5094;5194;ITPC;
A5;3;63640;63740;ITPC;
A6;3;311760;311860;ITPC;
A31;3;8820;8920;ITPC;
A6;3;123120;123220;ITPC;
A36;3;131150;131250;ITPC;
A36;3;76330;76430;ITPC;
A42;3;47250;47350;ITPC;
A714;3;1890;1990;ITPC;
A714;3;2640;2740;ITPC;
A39;3;126205;126305;ITPC;
A6;3;310780;310880;ITPC;
A6;3;196700;196800;ITPC;
A36;3;7480;7580;ITPC;
A71;3;248559;248659;ITPC;
A31;3;133530;133630;ITPC;
A77;3;56050;56150;ITPC;
A71;3;238057;238157;ITPC;
A71;3;242029;242129;ITPC;
A6;3;82530;82630;ITPC;
A71;3;372120;372220;ITPC;
A39;3;5810;5910;ITPC;
A6;3;56460;56560;ITPC;
A6;3;389500;389600;ITPC;
A31;3;181768;181868;ITPC;
A31;3;183837;183937;ITPC;
A6;3;129280;129380;ITPC;
A77;3;97180;97280;ITPC;
A6;3;120750;120850;ITPC;
A39;3;25048;25148;ITPC;
A39;3;119535;119635;ITPC;
A42;3;27850;27950;ITPC;
A6;3;277580;277680;ITPC;
A42;3;13500;13600;ITPC;
A5;3;151090;151190;ITPC;
A6;3;119350;119450;ITPC;
A6;3;414270;414370;ITPC;
A5;3;200507;200607;ITPC;
A31;3;130350;130450;ITPC;
A40;3;183619;183719;ITPC;
A40;3;185620;185720;ITPC;
A71;3;350754;350854;ITPC;
A36;3;27640;27740;ITPC;
A39;3;143740;143840;ITPC;
A31;3;128445;128545;ITPC;
A6;3;199600;199700;ITPC;
A42;3;49550;49650;ITPC;
A31;3;110780;110880;ITPC;
A39;3;25468;25568;ITPC;
A6;3;406230;406330;ITPC;
A6;3;342780;342880;ITPC;
A6;3;207150;207250;ITPC;
A40;3;203880;203980;ITPC;
A77;3;82990;83090;ITPC;
A6;3;328500;328600;ITPC;
A42;3;33300;33400;ITPC;
A6;3;235000;235100;ITPC;
A71;3;383790;383890;ITPC;
A6;3;398430;398530;ITPC;
A6;3;345790;345890;ITPC;
A6;3;347660;347760;ITPC;
A31;3;25600;25700;ITPC;
A5;3;82270;82370;ITPC;
A39;3;90525;90625;ITPC;
A39;3;93185;93285;ITPC;
A77;3;46050;46150;ITPC;
A31;3;119515;119615;ITPC;
A31;3;194463;194563;ITPC;
A31;3;196470;196570;ITPC;
A71;3;388059;388159;ITPC;
A5;3;180680;180780;ITPC;
A5;3;182495;182595;ITPC;
A26;3;384958;385058;ITPC;
A77;3;26650;26750;ITPC;
A31;3;217141;217241;ITPC;
A6;3;165190;165290;ITPC;
A6;3;181680;181780;ITPC;
A6;3;166730;166830;ITPC;
A71;3;349737;349837;ITPC;
A71;3;246539;246639;ITPC;
A6;3;80500;80600;ITPC;
A71;3;374500;374600;ITPC;
A40;3;201167;201267;ITPC;
A71;3;326337;326437;ITPC;
A71;3;232957;233057;ITPC;
A40;3;200936;201036;ITPC;
A36;3;35450;35550;ITPC;
A6;3;149900;150000;ITPC;
A6;3;415890;415990;ITPC;
A6;3;418050;418150;ITPC;
A36;3;147940;148040;ITPC;
A36;3;149200;149300;ITPC;
A6;3;148070;148170;ITPC;
A77;3;59850;59950;ITPC;
A5;3;122940;123040;ITPC;
A31;3;148064;148164;ITPC;
A5;3;22920;23020;ITPC;
A5;3;38680;38780;ITPC;
A5;3;76630;76730;ITPC;
A71;3;351117;351217;ITPC;
A71;3;255429;255529;ITPC;
