CD_TALUS_INF__TYPE;LIAISON_INF__LIAISON;CHAUSSEE_INF__SENS;ABS_DEB;ABS_FIN;HAUT
Remblai;2;2;299201;299561;
Remblai;2;2;299953;300171;
Remblai;2;2;301189;301536;
Remblai;2;2;301722;302134;
Remblai;2;2;302327;302696;
Remblai;2;2;303641;304030;
Remblai;2;2;304364;304462;
Remblai;2;2;304767;305439;
Remblai;2;2;306548;306650;
Remblai;2;2;306757;306956;
Remblai;2;2;307598;307776;
Remblai;2;2;307888;308262;
Remblai;2;2;308466;308869;
Remblai;2;2;309126;309738;
Remblai;2;2;310469;310897;
Remblai;2;2;312101;312221;
Remblai;2;2;312468;312652;
Remblai;2;2;312728;312857;
Remblai;2;2;313094;313317;
Remblai;2;2;313458;313619;
Remblai;2;2;314830;314981;
Remblai;2;2;315133;315629;
Déblai;2;2;315884;316132;
Remblai;2;2;316419;316674;
Remblai;2;2;316867;317172;
Remblai;2;2;317397;317649;
Remblai;2;2;318774;319348;
Remblai;2;2;321719;322320;
Remblai;2;2;324098;324311;
Remblai;2;2;324310;324904;
Déblai;2;2;325194;325755;
Remblai;2;2;326031;326785;
Remblai;2;2;328661;328821;
Déblai;2;2;361949;362391;
Déblai;2;2;362642;362736;
Déblai;2;2;366545;367148;
Déblai;2;2;367169;368406;
Remblai;2;2;368887;370608;
Déblai;2;2;371318;372588;
Déblai;2;2;372729;373831;
Remblai;2;2;373999;374577;
Remblai;2;2;375505;375783;
Remblai;2;2;376121;376718;
Remblai;2;2;382240;382395;
Remblai;2;2;382719;382958;
Remblai;2;2;388908;389120;
Remblai;2;2;389870;390307;
Déblai;2;2;390722;390854;
Remblai;2;2;391187;391723;
Déblai;2;2;391951;392373;
Remblai;2;2;392437;392805;
Remblai;2;2;392945;393464;
Déblai;2;2;394355;394673;
Déblai;2;2;394879;395644;
Remblai;2;2;395665;395734;
Déblai;2;2;395913;396500;
Remblai;2;2;396528;396866;
Remblai;2;2;397349;397653;
Remblai;2;2;397948;398140;
Remblai;2;2;398140;398186;
Déblai;2;2;398263;398625;
Déblai;2;2;398828;398963;
Remblai;2;2;399371;400022;
Remblai;2;2;401993;402202;
Remblai;2;2;403745;403853;
Remblai;2;2;404405;404870;
Remblai;2;2;405517;405636;
Remblai;2;2;405919;406391;
Remblai;2;2;407868;408127;
Remblai;2;2;409803;410089;
Remblai;2;2;411452;412145;
Remblai;2;2;412907;413175;
Remblai;2;2;414775;414830;
Remblai;2;2;414889;415357;
Déblai;2;2;417881;418068;
Déblai;2;2;418067;418547;
Remblai;2;2;418841;419545;
Remblai;2;2;429614;430387;
Remblai;2;2;430739;431673;
Remblai;2;2;436852;437602;
Remblai;2;2;442033;442284;
Remblai;2;2;444589;444747;
Déblai;2;2;448151;448440;
Remblai;2;2;448549;448951;
Remblai;2;2;451678;452042;
Remblai;2;2;453616;453766;
Remblai;2;2;453977;454207;
Remblai;2;2;454232;456075;
Remblai;2;2;459141;459473;
Remblai;2;2;459753;459984;
Déblai;2;2;467376;467716;
Remblai;2;2;475362;475687;
Remblai;2;2;479122;480176;
Remblai;2;2;484999;485777;
Remblai;3;1;36616;36974;
Déblai;3;1;50902;52249;
Déblai;3;1;52339;52789;
Remblai;3;1;52873;53231;
Déblai;3;1;53248;53843;
Remblai;3;1;54650;55003;
Remblai;3;1;54998;55149;
Déblai;3;1;55155;55362;
Remblai;3;1;55404;56241;
Remblai;3;1;56795;57153;
Remblai;3;1;57466;57747;
Remblai;3;1;57859;58539;
Remblai;3;1;58735;59082;
Remblai;3;1;60180;60711;
Remblai;3;1;63305;63834;
Remblai;3;1;63998;64111;
Remblai;3;1;64067;64225;
Remblai;3;1;84768;85374;
Remblai;3;1;97996;98608;
Remblai;3;1;112325;112398;
Remblai;7;1;13501;13669;
Déblai;7;1;13400;13500;
Remblai;7;1;13289;13399;
Remblai;7;1;12673;13084;
Déblai;7;1;12335;12634;
Remblai;7;1;11931;12334;
Déblai;7;1;11689;11889;
Déblai;7;1;11433;11559;
Remblai;7;1;11031;11429;
Remblai;7;1;10794;10874;
Déblai;7;1;9878;10179;
Remblai;7;1;9105;9540;
Remblai;7;1;8765;8926;
Remblai;7;1;7715;8164;
Déblai;7;1;7548;7701;
Remblai;7;1;6854;7359;
Remblai;7;1;6600;6695;
Remblai;7;1;4864;5044;
Remblai;7;1;4120;4373;
Remblai;7;1;3034;3251;
Remblai;7;1;2179;2836;
Remblai;7;1;1183;1797;
Déblai;7;1;1000;1127;
Remblai;201;1;5057;5131;
Remblai;301;1;2461;2860;
Remblai;301;2;0;98;
Remblai;301;2;535;933;
Remblai;301;2;2251;3053;
Remblai;301;2;6033;6228;
Remblai;301;2;9158;9417;
Remblai;301;2;9832;10134;
Remblai;301;2;11289;11484;
Remblai;5;2;136480;137058;
Remblai;5;2;60300;60897;
Remblai;5;2;52332;52952;
Remblai;5;1;136458;137008;
Remblai;5;1;115023;115345;
Remblai;5;1;102465;103705;
Remblai;5;1;100103;100532;
Remblai;5;1;79466;80336;
Remblai;5;1;52303;53304;
Remblai;1;1;62062;62215;
Remblai;1;1;62352;62467;
Remblai;1;1;67844;68386;
Remblai;1;1;71420;72210;
Remblai;1;1;78359;78834;
Déblai;1;1;79919;80073;
Remblai;1;1;82041;82655;
Remblai;1;1;85351;86238;
Remblai;1;1;89232;90582;
Remblai;1;1;91208;91585;
Déblai;1;1;92231;92326;
Déblai;1;1;92404;92612;
Remblai;1;1;93368;94251;
Remblai;1;1;94622;95362;
Remblai;1;1;96486;96746;
Remblai;1;1;98096;98721;
Remblai;1;1;100106;100539;
Remblai;1;1;108031;109292;
Déblai;1;1;118678;119321;
Déblai;1;1;119404;119754;
Remblai;1;1;138467;140240;
Remblai;1;1;140508;141932;
Remblai;1;1;143351;144778;
Remblai;1;1;145251;145411;
Remblai;1;1;145412;145534;
Remblai;1;1;148164;148355;
Déblai;1;1;154094;154266;
Déblai;1;1;154465;154712;
Remblai;1;1;155617;156065;
Remblai;1;1;157189;157560;
Remblai;1;1;159577;160619;
Remblai;1;1;161218;162337;
Remblai;1;1;162363;162607;
Remblai;1;1;162617;162892;
Remblai;1;1;164540;164690;
Remblai;1;1;164860;165043;
Déblai;1;1;167678;167643;
Déblai;1;1;167693;168147;
Remblai;1;2;61129;61911;
Remblai;1;2;78389;78951;
Déblai;1;2;79950;80100;
Déblai;1;2;80176;80300;
Remblai;1;2;82073;82694;
Remblai;1;2;85288;86266;
Déblai;1;2;87561;88296;
Remblai;1;2;89010;90606;
Remblai;1;2;93148;93973;
Remblai;1;2;94434;95201;
Remblai;1;2;96310;96643;
Remblai;1;2;97912;98633;
Remblai;1;2;99870;100398;
Remblai;1;2;107837;108094;
Remblai;1;2;108105;109215;
Déblai;1;2;118536;119175;
Déblai;1;2;119261;119613;
Remblai;1;2;131266;131474;
Remblai;1;2;138260;140080;
Remblai;1;2;140764;141841;
Remblai;1;2;143373;144641;
Remblai;1;2;145172;145486;
Remblai;1;2;148020;148287;
Déblai;1;2;153955;154126;
Déblai;1;2;154329;154674;
Remblai;1;2;155543;155942;
Remblai;1;2;157020;157441;
Remblai;1;2;159386;160517;
Remblai;1;2;161214;162448;
Remblai;1;2;162502;162564;
Remblai;1;2;162589;162743;
Remblai;1;2;163019;163159;
Déblai;1;2;163736;163927;
Remblai;1;2;164404;164875;
Déblai;1;2;167547;168108;
Remblai;1;2;167575;167673;
Déblai;1;2;167941;167496;
Remblai;3;2;411796;412867;
Remblai;5;2;45264;45531;
Remblai;5;2;31900;32337;
Déblai;5;2;29715;30427;
Remblai;5;2;25681;25984;
Remblai;5;2;25474;25631;
Déblai;5;2;22372;22844;
Déblai;5;2;18279;19002;
Remblai;5;2;17553;18097;
Déblai;5;2;6894;7660;
Remblai;5;1;45392;45530;
Remblai;5;1;45263;45393;
Remblai;5;1;32820;33062;
Remblai;5;1;31859;32342;
Remblai;5;1;30279;31105;
Remblai;5;1;29055;29530;
Remblai;5;1;25329;25856;
Remblai;5;1;22979;23332;
Déblai;5;1;22385;22860;
Remblai;5;1;21261;22238;
Remblai;5;1;20235;20636;
Remblai;5;1;19134;19826;
Déblai;5;1;18288;19012;
Remblai;5;1;17697;18098;
Remblai;5;1;15661;15884;
Remblai;5;1;14386;14490;
Remblai;5;1;13719;13925;
Remblai;5;1;13341;13560;
Remblai;5;1;12582;13157;
Remblai;5;1;12341;12445;
Remblai;5;1;11848;12149;
Déblai;5;1;9910;10276;
Remblai;5;1;9022;9641;
Déblai;5;1;6968;7667;
Remblai;5;1;5833;6380;
Déblai;5;1;2503;2844;
Remblai;5;1;1505;1915;
Remblai;5;1;841;1224;
Remblai;7;2;26064;26577;
Déblai;7;2;25053;26024;
Remblai;7;2;24876;25044;
Remblai;7;2;24636;24875;
Déblai;7;2;22993;23093;
Remblai;3;1;288765;288854;
Remblai;3;1;289775;290366;
Remblai;3;1;290566;290927;
Remblai;3;1;290986;291067;
Remblai;3;1;313225;313378;
Remblai;3;1;314844;315513;
Remblai;3;1;315702;316644;
Remblai;3;1;317203;317768;
Remblai;3;1;317941;318736;
Remblai;3;1;321894;322026;
Remblai;3;1;323526;323924;
Remblai;3;1;324092;324169;
Remblai;3;1;324628;324671;
Remblai;3;1;325915;326113;
Remblai;3;1;326615;326766;
Remblai;3;1;330901;330990;
Déblai;3;1;332482;332781;
Remblai;3;1;339968;340191;
Remblai;3;1;340283;340847;
Remblai;3;1;353655;353880;
Remblai;3;1;354872;354996;
Remblai;3;1;363941;364178;
Remblai;3;1;365215;365495;
Remblai;3;1;366500;366759;
Remblai;3;1;366970;367066;
Remblai;3;1;368101;368354;
Remblai;3;1;374085;374343;
Remblai;3;1;374485;374600;
Remblai;3;1;375082;375295;
Remblai;3;1;375860;375909;
Remblai;3;1;376454;377256;
Remblai;3;1;377586;377686;
Remblai;3;1;378015;378181;
Remblai;3;1;378224;378506;
Remblai;3;1;378855;379213;
Remblai;3;1;379580;379736;
Remblai;3;1;380165;380674;
Remblai;3;1;380945;381356;
Remblai;3;1;381685;381812;
Remblai;3;1;381854;382122;
Remblai;3;1;382426;382597;
Remblai;3;1;385216;385766;
Remblai;3;1;386632;387114;
Remblai;3;1;388010;388035;
Remblai;3;1;388191;388847;
Déblai;3;1;388849;389721;
Remblai;3;1;389722;389895;
Remblai;3;1;390411;390525;
Remblai;3;1;390759;390857;
Remblai;3;1;391053;391396;
Remblai;3;1;391774;392389;
Remblai;3;1;392633;392806;
Remblai;3;1;393074;393239;
Remblai;3;1;398991;399576;
Remblai;3;1;402615;403233;
Remblai;3;1;409496;409752;
Remblai;3;1;410617;411270;
Remblai;3;1;412170;412374;
Remblai;3;1;412505;412748;
Remblai;3;2;58667;59058;
Remblai;3;2;60237;60676;
Remblai;3;2;63258;63659;
Remblai;3;2;63662;63864;
Remblai;3;2;63963;64109;
Remblai;3;2;64115;64621;
Déblai;3;2;64866;65011;
Déblai;3;2;65070;65215;
Déblai;3;2;65252;65335;
Remblai;3;2;66137;67701;
Déblai;3;2;67987;68066;
Déblai;3;2;68123;68235;
Remblai;3;2;69482;69998;
Remblai;3;2;75572;75971;
Remblai;3;2;84567;85406;
Remblai;3;2;87272;87738;
Remblai;3;2;91728;92777;
Remblai;3;2;95727;96027;
Remblai;3;2;99303;99596;
Remblai;3;2;104509;104970;
Remblai;3;2;109015;109201;
Remblai;3;2;109401;109671;
Remblai;3;2;110068;110278;
Remblai;3;2;115328;115688;
Remblai;3;2;123040;123521;
Remblai;3;2;125295;125996;
Remblai;3;2;127747;128396;
Remblai;3;2;129945;130578;
Remblai;3;2;132085;132554;
Remblai;3;2;134188;135475;
Remblai;3;2;137800;138038;
Remblai;3;2;154367;154551;
Remblai;3;2;162101;162496;
Remblai;3;2;166716;167365;
Remblai;3;2;167731;168136;
Remblai;3;2;168963;169745;
Remblai;3;2;197820;198283;
Remblai;3;2;198569;198641;
Déblai;3;2;198752;198953;
Remblai;3;2;200195;200465;
Remblai;3;2;200621;200759;
Remblai;3;2;200795;201027;
Remblai;3;2;201336;201419;
Remblai;3;2;201457;201550;
Remblai;3;2;201779;201959;
Remblai;3;2;201990;202559;
Remblai;3;2;203348;203551;
Remblai;3;2;204511;204743;
Remblai;3;2;205114;205714;
Remblai;3;2;205897;206323;
Remblai;3;2;206697;207202;
Remblai;3;2;207687;207953;
Remblai;3;2;209046;209189;
Remblai;2;2;132387;132834;
Remblai;2;2;133467;134142;
Remblai;2;2;134779;136153;
Remblai;2;2;136374;137249;
Remblai;2;2;141208;141867;
Remblai;2;2;142320;142794;
Remblai;2;2;144886;145442;
Remblai;2;2;146404;147073;
Remblai;2;2;147849;148321;
Remblai;2;2;148507;149123;
Remblai;2;2;152093;152738;
Remblai;2;2;154689;155620;
Remblai;2;2;157349;158229;
Remblai;2;2;158563;158696;
Remblai;2;2;166524;166867;
Remblai;2;2;167149;167435;
Remblai;2;2;168855;169204;
Remblai;2;2;170413;171395;
Remblai;2;2;171478;172005;
Remblai;2;2;172070;172070;
Remblai;2;2;172487;172916;
Remblai;2;2;172795;173068;
Déblai;2;2;173315;173864;
Déblai;2;2;173956;174301;
Remblai;2;2;174447;174793;
Remblai;2;2;177340;177842;
Remblai;2;2;180286;180568;
Remblai;2;2;181465;182038;
Remblai;2;2;182090;182540;
Déblai;2;2;182574;182776;
Remblai;2;2;182827;183380;
Remblai;2;2;183393;183440;
Déblai;2;2;183551;183820;
Remblai;2;2;183843;184214;
Remblai;3;1;112448;112631;
Remblai;3;1;112921;113056;
Remblai;3;1;114992;115719;
Remblai;3;1;115766;115934;
Remblai;3;1;116680;117481;
Remblai;3;1;123741;124543;
Remblai;3;1;129942;130661;
Remblai;3;1;131556;131887;
Remblai;3;1;132113;132596;
Remblai;3;1;133848;134002;
Remblai;3;1;134147;135417;
Remblai;3;1;137661;138045;
Remblai;3;1;138436;138698;
Remblai;3;1;138863;138908;
Remblai;3;1;138907;139105;
Remblai;3;1;141111;141539;
Remblai;3;1;141850;142319;
Remblai;3;1;148488;149721;
Remblai;3;1;151244;151481;
Déblai;3;1;157410;157838;
Déblai;3;1;158756;159126;
Déblai;3;1;159147;159290;
Déblai;3;1;160688;160910;
Remblai;3;1;162105;162500;
Remblai;3;1;166644;167368;
Remblai;3;1;167733;168139;
Remblai;3;1;168967;169721;
Remblai;3;1;170536;171361;
Remblai;3;1;200714;200948;
Remblai;3;1;201379;201470;
Remblai;3;1;201695;201875;
Remblai;3;1;222895;223305;
Remblai;3;1;226545;226906;
Déblai;3;1;234053;234472;
Déblai;3;1;234498;234751;
Déblai;3;1;234752;234886;
Déblai;3;1;235110;235858;
Déblai;3;1;248947;248998;
Déblai;3;1;249078;249595;
Remblai;3;1;255002;255404;
Remblai;3;1;255893;256072;
Remblai;3;1;256472;257426;
Remblai;3;1;280202;280521;
Remblai;3;1;280622;281501;
Remblai;3;1;285810;287484;
Remblai;3;2;212932;213540;
Remblai;3;2;221284;221833;
Remblai;3;2;222970;223458;
Remblai;3;2;226341;226458;
Remblai;3;2;226536;227017;
Déblai;3;2;229833;231020;
Déblai;3;2;234138;234561;
Déblai;3;2;234586;234975;
Déblai;3;2;235197;236193;
Remblai;3;2;255121;255492;
Remblai;3;2;255967;256203;
Remblai;3;2;256446;257570;
Remblai;3;2;258592;258701;
Remblai;3;2;258890;258958;
Remblai;3;2;259426;259787;
Remblai;3;2;260502;260897;
Remblai;3;2;261075;261445;
Remblai;3;2;261607;261822;
Remblai;3;2;262027;262490;
Remblai;3;2;262592;263806;
Remblai;3;2;264324;265162;
Remblai;3;2;267191;267991;
Remblai;3;2;268272;269202;
Remblai;3;2;279917;280620;
Remblai;3;2;280721;281764;
Remblai;3;2;285272;287566;
Remblai;3;2;288884;289328;
Remblai;3;2;289479;289651;
Remblai;3;2;289861;290477;
Remblai;3;2;290697;290993;
Remblai;3;2;291009;291157;
Remblai;3;2;291353;291501;
Remblai;3;2;311265;311394;
Remblai;3;2;311445;312209;
Remblai;3;2;312250;312407;
Remblai;3;2;312618;312863;
Remblai;3;2;312887;313057;
Remblai;3;2;313311;313479;
Remblai;3;2;313720;313883;
Remblai;3;2;315002;315631;
Remblai;3;2;315888;316670;
Remblai;3;2;317293;317864;
Remblai;3;2;318063;318933;
Remblai;3;2;319974;320108;
Remblai;3;2;320207;320409;
Déblai;3;2;320605;320902;
Remblai;3;2;320936;321048;
Déblai;3;2;321117;321594;
Remblai;3;2;321634;322133;
Remblai;3;2;322194;322265;
Remblai;3;2;322754;323313;
Remblai;3;2;324159;325022;
Remblai;3;2;325759;326206;
Remblai;3;2;326660;327330;
Remblai;3;2;327367;327462;
Remblai;3;2;327666;327971;
Remblai;3;2;328225;328539;
Remblai;3;2;328628;328801;
Remblai;3;2;329205;329512;
Remblai;3;2;329650;329781;
Remblai;3;2;330162;330500;
Remblai;3;2;330501;330831;
Remblai;3;2;330987;332590;
Remblai;3;2;332969;333486;
Remblai;3;2;333777;334024;
Remblai;3;2;334889;335730;
Remblai;3;2;335745;335847;
Remblai;3;2;336147;336366;
Remblai;3;2;337064;337441;
Remblai;3;2;340451;340956;
Déblai;3;2;341292;342462;
Déblai;3;2;353657;353738;
Remblai;3;2;353739;353965;
Remblai;3;2;354947;355071;
Remblai;3;2;355267;355372;
Remblai;3;2;355947;356004;
Remblai;3;2;356283;356506;
Remblai;3;2;357435;357603;
Remblai;3;2;359289;359394;
Remblai;3;2;365165;365245;
Remblai;3;2;365310;365621;
Remblai;3;2;365726;365885;
Déblai;3;2;366319;366510;
Remblai;3;2;366564;366858;
Remblai;3;2;367153;367214;
Remblai;3;2;367527;367658;
Remblai;3;2;367918;368021;
Remblai;3;2;368258;368877;
Remblai;3;2;369609;369697;
Remblai;3;2;369757;369944;
Remblai;3;2;370261;370348;
Remblai;3;2;372478;372658;
Remblai;3;2;372694;372756;
Déblai;3;2;372877;372957;
Déblai;3;2;373148;373174;
Remblai;3;2;373179;373468;
Remblai;3;2;374291;374648;
Remblai;3;2;375194;375364;
Déblai;3;2;376174;376536;
Remblai;3;2;376668;376870;
Remblai;3;2;376990;377080;
Déblai;3;2;377546;377662;
Remblai;3;2;377668;377779;
Déblai;3;2;377784;378099;
Remblai;3;2;378977;379302;
Remblai;3;2;380297;380596;
Déblai;3;2;380657;381027;
Déblai;3;2;381473;381974;
Remblai;3;2;381981;382270;
Remblai;3;2;382511;382683;
Remblai;3;2;383512;383766;
Remblai;3;2;385286;385837;
Remblai;3;2;386731;387015;
Déblai;7;1;16363;16621;
Remblai;2;2;187700;187907;
Remblai;2;2;188306;188530;
Remblai;2;2;193497;193670;
Remblai;2;2;195022;195589;
Remblai;2;2;195699;195905;
Remblai;2;2;197143;197491;
Remblai;2;2;197598;198359;
Déblai;2;2;198364;198670;
Remblai;2;2;198989;199287;
Déblai;2;2;199295;199687;
Remblai;2;2;199915;200537;
Déblai;2;2;200539;200741;
Remblai;2;2;200742;201192;
Remblai;2;2;201535;202114;
Déblai;2;2;202157;202461;
Remblai;2;2;202465;203342;
Remblai;2;2;203557;203848;
Déblai;2;2;203981;204781;
Remblai;2;2;204788;205177;
Déblai;2;2;208203;208757;
Remblai;2;2;208808;209248;
Remblai;2;2;209339;211155;
Déblai;2;2;211216;211941;
Remblai;2;2;211951;212168;
Remblai;2;2;212302;212622;
Remblai;2;2;221215;221480;
Remblai;2;2;222052;222305;
Remblai;2;2;227357;228307;
Remblai;2;2;229603;230900;
Remblai;2;2;232889;233146;
Remblai;2;2;234772;236500;
Remblai;2;2;238158;238781;
Remblai;2;2;239120;239367;
Remblai;2;2;239366;240434;
Remblai;2;2;254010;254254;
Remblai;2;2;255650;256117;
Remblai;2;2;256202;256585;
Remblai;2;2;258288;258875;
Déblai;2;2;262915;263066;
Remblai;2;2;263074;263548;
Remblai;2;2;264562;265390;
Remblai;2;2;266623;267109;
Déblai;2;2;267552;267904;
Remblai;2;2;267986;269174;
Remblai;2;2;270278;270939;
Remblai;2;2;271311;271925;
Remblai;2;2;272880;273108;
Remblai;2;2;273233;273897;
Remblai;2;2;274061;274236;
Remblai;2;2;274555;274927;
Remblai;2;2;275250;276916;
Remblai;2;2;277100;277192;
Déblai;2;2;277238;278777;
Remblai;2;2;279317;279897;
Remblai;2;2;281826;281861;
Remblai;2;2;281859;282300;
Remblai;2;2;282449;282923;
Remblai;2;2;283573;283772;
Remblai;2;2;284022;284155;
Remblai;2;2;284283;284393;
Remblai;2;2;284448;284921;
Remblai;2;2;285908;286281;
Remblai;2;2;286330;286886;
Remblai;2;2;287126;287171;
Remblai;2;2;287246;287385;
Remblai;2;2;288060;288139;
Remblai;2;2;288730;289068;
Remblai;2;2;290083;289527;
Remblai;2;2;290250;290620;
Remblai;2;2;290850;291221;
Remblai;2;2;291682;292188;
Remblai;2;2;292665;292874;
Remblai;2;2;293255;293325;
Remblai;2;2;293472;293580;
Remblai;2;2;294113;295105;
Remblai;2;2;296780;297230;
Remblai;2;2;297471;298220;
Déblai;7;2;22669;22952;
Déblai;7;2;22469;22626;
Remblai;7;2;20849;21261;
Déblai;7;2;18958;20840;
Remblai;7;2;18274;18955;
Remblai;7;2;17573;17821;
Remblai;7;2;16984;17135;
Déblai;7;2;16313;16558;
Remblai;7;2;12613;12947;
Déblai;7;2;12325;12612;
Remblai;7;2;11894;12324;
Déblai;7;2;11353;11893;
Remblai;7;2;11018;11307;
Remblai;7;2;10223;10331;
Déblai;7;2;9917;10180;
Remblai;7;2;9161;9732;
Remblai;7;2;6874;7433;
Remblai;7;2;4831;5027;
Remblai;7;2;4127;4327;
Remblai;7;2;3067;3263;
Remblai;7;2;2431;2824;
Remblai;7;2;1211;1853;
Déblai;7;2;1006;1194;
Remblai;7;1;27488;27784;
Remblai;7;1;26061;26573;
Déblai;7;1;25044;26020;
Remblai;7;1;24600;25034;
Déblai;7;1;22986;23357;
Déblai;7;1;22464;22945;
Déblai;7;1;21273;22426;
Remblai;7;1;20930;21272;
Déblai;7;1;19262;20648;
Remblai;7;1;19134;19262;
Remblai;7;1;17641;18922;
Déblai;7;1;17242;17579;
Remblai;7;1;17004;17240;
Remblai;2;1;22917;23261;
Remblai;2;1;24858;25299;
Remblai;2;1;26271;26454;
Remblai;2;1;26617;27413;
Remblai;2;1;27517;27874;
Remblai;2;1;27895;28201;
Remblai;2;1;33300;33721;
Remblai;2;1;34480;34971;
Remblai;2;1;35438;35617;
Remblai;2;1;37844;38222;
Remblai;2;1;39593;39873;
Remblai;2;1;40271;40698;
Remblai;2;1;41056;41225;
Remblai;2;1;41597;41709;
Remblai;2;1;42198;42310;
Remblai;2;1;43135;43357;
Remblai;2;1;43630;44746;
Remblai;2;1;45018;45541;
Remblai;2;1;45894;45984;
Remblai;2;1;53120;53528;
Remblai;2;1;55787;56154;
Remblai;2;1;57206;57747;
Remblai;2;1;57751;58022;
Remblai;2;1;61919;62374;
Remblai;2;1;62925;63242;
Remblai;2;1;74453;75156;
Remblai;2;1;75310;75605;
Remblai;2;1;75911;76544;
Remblai;2;1;77597;77699;
Remblai;2;1;78846;79054;
Remblai;2;1;80083;80443;
Remblai;2;1;80623;81223;
Remblai;2;1;83651;84520;
Remblai;2;1;91021;91483;
Remblai;2;1;91519;91715;
Remblai;2;1;91950;92446;
Remblai;2;1;92889;93252;
Remblai;2;1;94149;94440;
Remblai;2;1;95758;95976;
Remblai;2;1;96019;96130;
Remblai;2;1;97622;97794;
Remblai;2;1;112494;113300;
Remblai;2;1;172104;172193;
Remblai;2;1;172411;172956;
Remblai;2;1;173405;173802;
Remblai;2;1;174908;175339;
Remblai;2;1;178072;178420;
Remblai;2;1;180811;181148;
Remblai;2;1;182030;182620;
Remblai;2;1;182636;183074;
Remblai;2;1;183370;183460;
Remblai;2;1;183461;183716;
Remblai;2;1;184408;184727;
Remblai;2;1;187203;187407;
Remblai;2;1;188223;188304;
Remblai;2;1;188303;188493;
Remblai;2;1;188822;189123;
Remblai;2;1;189301;189533;
Remblai;2;1;190075;190259;
Remblai;2;1;191839;192529;
Remblai;2;1;194104;194496;
Remblai;2;1;195600;196171;
Remblai;2;1;196242;196349;
Remblai;2;1;196419;196519;
Remblai;2;1;196891;197133;
Remblai;2;1;198195;198891;
Remblai;2;1;199214;199492;
Remblai;2;1;199538;199857;
Remblai;2;1;200188;202005;
Remblai;2;1;203466;203914;
Remblai;2;1;204018;204441;
Remblai;2;1;205354;205864;
Remblai;2;1;205993;206048;
Remblai;2;1;206337;206593;
Remblai;2;1;207702;207890;
Remblai;2;1;208470;208566;
Déblai;2;1;208871;209347;
Déblai;2;1;211720;212150;
Remblai;2;1;212548;212649;
Remblai;2;1;212878;213136;
Remblai;2;1;213556;214891;
Remblai;2;1;217090;217346;
Remblai;2;1;217808;218448;
Remblai;2;1;219158;219598;
Déblai;2;1;219599;219909;
Remblai;2;1;220409;221024;
Remblai;2;1;221705;222029;
Remblai;2;1;222569;222869;
Déblai;2;1;223850;224277;
Remblai;2;1;224294;224520;
Déblai;2;1;225425;225774;
Remblai;2;1;227871;228764;
Remblai;2;1;229863;231250;
Remblai;2;1;231253;231429;
Déblai;2;1;231463;231591;
Remblai;2;1;232385;232729;
Remblai;2;1;233075;233789;
Déblai;2;1;233789;234275;
Remblai;2;1;234305;234792;
Déblai;2;1;234803;235119;
Remblai;2;1;235219;235993;
Remblai;2;1;235994;236144;
Remblai;2;1;236436;236997;
Déblai;2;1;237072;237379;
Remblai;2;1;238023;238457;
Remblai;2;1;238547;239375;
Remblai;2;1;239610;240904;
Remblai;2;1;241359;241762;
Remblai;2;1;256184;256697;
Remblai;2;1;256728;257491;
Déblai;2;1;263384;263631;
Remblai;2;1;263657;264081;
Remblai;2;1;265100;265892;
Remblai;2;1;267170;267592;
Déblai;2;1;267593;267673;
Déblai;2;1;268018;268467;
Remblai;2;1;268543;269729;
Remblai;2;1;270924;271144;
Remblai;2;1;271346;271465;
Remblai;2;1;271869;272126;
Déblai;2;1;272538;272814;
Remblai;2;1;273430;273638;
Remblai;2;1;274611;274781;
Déblai;2;1;274783;275059;
Remblai;2;1;275089;275373;
Remblai;2;1;276074;277506;
Remblai;2;1;277528;277726;
Déblai;2;1;278698;279333;
Remblai;2;1;280046;280428;
Remblai;2;1;282420;282860;
Remblai;2;1;283180;283430;
Remblai;2;1;284177;284295;
Remblai;2;1;284546;284942;
Remblai;2;1;286468;286539;
Déblai;2;1;286756;288045;
Déblai;2;1;288501;288989;
Remblai;2;1;289291;289513;
Déblai;2;1;289555;290134;
Remblai;2;1;290321;290563;
Remblai;2;1;290892;291147;
Déblai;2;1;291174;291289;
Remblai;2;1;291353;291604;
Remblai;2;1;291636;291787;
Déblai;2;1;291806;292165;
Remblai;2;1;292217;292589;
Déblai;2;1;292715;293017;
Remblai;2;1;293086;293436;
Déblai;2;1;293508;293681;
Remblai;2;1;293815;293907;
Remblai;2;1;294486;295121;
Déblai;2;1;295143;295379;
Remblai;2;1;295414;295525;
Remblai;2;1;297084;297562;
Remblai;2;1;297606;297676;
Déblai;2;1;297801;298001;
Remblai;2;1;298324;298395;
Remblai;2;1;298686;298881;
Remblai;2;1;299740;300102;
Remblai;2;1;300468;300689;
Déblai;2;1;300737;301244;
Remblai;2;1;301484;302149;
Remblai;2;1;302327;302686;
Déblai;2;1;302701;302773;
Remblai;2;1;303028;303316;
Remblai;2;1;304209;304616;
Remblai;2;1;309558;310264;
Remblai;2;1;311118;311469;
Remblai;2;1;312720;312817;
Remblai;2;1;316971;317197;
Remblai;2;1;319216;319930;
Remblai;2;1;322294;322876;
Remblai;2;1;324647;325568;
Remblai;2;1;326659;327479;
Remblai;2;1;328752;328941;
Déblai;2;1;335258;335622;
Remblai;2;1;369460;371179;
Déblai;2;1;371891;373158;
Déblai;2;1;373298;374094;
Déblai;2;1;374255;374500;
Remblai;2;1;374571;375150;
Remblai;2;1;376075;376351;
Remblai;2;1;376688;376886;
Remblai;2;1;382815;382973;
Remblai;2;1;383296;383534;
Remblai;2;1;388337;388504;
Remblai;2;1;388605;388660;
Remblai;2;1;388814;388863;
Remblai;2;1;389077;389251;
Remblai;2;1;389889;390117;
Déblai;2;1;390117;390441;
Remblai;2;1;390458;390871;
Remblai;2;1;391614;392301;
Remblai;2;1;393561;393848;
Remblai;2;1;397857;398306;
Remblai;2;1;404302;404554;
Remblai;2;1;405043;405709;
Remblai;2;1;406092;406211;
Remblai;2;1;406793;406970;
Remblai;2;1;408422;408731;
Remblai;2;1;410396;410681;
Remblai;2;1;412015;413038;
Remblai;2;1;413456;413765;
Remblai;2;1;413932;414029;
Remblai;2;1;415453;415882;
Remblai;2;1;416309;416337;
Remblai;2;1;419467;419937;
Déblai;2;1;420838;421235;
Déblai;2;1;422362;423366;
Déblai;2;1;423405;424884;
Déblai;2;1;427884;427959;
Déblai;2;1;428139;428195;
Remblai;2;1;430270;430859;
Remblai;2;1;431330;432198;
Remblai;2;1;436739;436910;
Remblai;2;1;437583;437643;
Remblai;2;1;437747;438075;
Déblai;2;1;438485;439025;
Déblai;2;1;439382;440491;
Déblai;2;1;440492;440950;
Déblai;2;1;441783;442397;
Déblai;2;1;442492;442597;
Remblai;2;1;442641;442742;
Déblai;2;1;443059;444738;
Remblai;2;1;445173;445299;
Déblai;2;1;445424;445956;
Déblai;2;1;446016;446866;
Remblai;2;1;447512;447571;
Remblai;2;1;448453;448519;
Remblai;2;1;448538;448603;
Remblai;2;1;449111;449469;
Remblai;2;1;450355;450532;
Remblai;2;1;452241;452544;
Remblai;2;1;452998;453172;
Remblai;2;1;454198;454333;
Remblai;2;1;454742;456561;
Remblai;2;1;458824;459066;
Remblai;2;1;459201;459356;
Remblai;2;1;459699;460028;
Remblai;2;1;460325;460637;
Déblai;2;1;465744;466479;
Remblai;2;1;467614;467831;
Remblai;2;1;470119;470769;
Remblai;2;1;475803;476313;
Déblai;2;1;476618;478069;
Remblai;2;1;478562;478758;
Remblai;2;1;479657;480930;
Remblai;2;1;483291;483449;
Remblai;2;1;484514;484637;
Remblai;2;1;485435;486360;
Remblai;2;1;489251;489404;
Remblai;2;2;15001;15305;
Remblai;2;2;15338;15498;
Remblai;2;2;16286;16669;
Remblai;2;2;17835;18593;
Remblai;2;2;19678;19872;
Remblai;2;2;20039;20183;
Remblai;2;2;22257;22468;
Remblai;2;2;22635;23301;
Remblai;2;2;24886;25355;
Remblai;2;2;26299;26495;
Remblai;2;2;26734;27478;
Remblai;2;2;27600;27900;
Remblai;2;2;27957;28197;
Remblai;2;2;28649;28993;
Remblai;2;2;36629;37057;
Remblai;2;2;37243;37523;
Remblai;2;2;37889;38250;
Remblai;2;2;39116;39859;
Remblai;2;2;40181;40686;
Remblai;2;2;41038;41224;
Remblai;2;2;41471;41545;
Remblai;2;2;41607;41704;
Remblai;2;2;42186;43371;
Remblai;2;2;43690;43957;
Remblai;2;2;44133;44669;
Remblai;2;2;45024;45527;
Déblai;2;2;45709;46284;
Remblai;2;2;46379;47105;
Remblai;2;2;53101;53546;
Remblai;2;2;54829;54943;
Remblai;2;2;55746;56044;
Remblai;2;2;62056;62275;
Remblai;2;2;62860;63247;
Remblai;2;2;66522;66690;
Remblai;2;2;67154;67476;
Déblai;2;2;69006;69357;
Remblai;2;2;70579;71301;
Remblai;2;2;74442;75207;
Remblai;2;2;75277;75511;
Remblai;2;2;76189;76778;
Remblai;2;2;80100;81199;
Déblai;2;2;81976;82137;
Déblai;2;2;82302;82471;
Déblai;2;2;89518;90045;
Remblai;2;2;91039;91443;
Remblai;2;2;91751;92244;
Remblai;2;2;92689;93257;
Remblai;2;2;97625;97801;
Remblai;2;2;101719;101916;
Remblai;2;2;101917;101974;
Remblai;2;2;103496;103997;
Déblai;2;2;104141;104760;
Remblai;2;2;104796;105702;
Remblai;2;2;106121;106897;
Remblai;2;2;106898;106987;
Remblai;2;2;112575;113251;
Remblai;2;2;118219;118998;
Remblai;2;2;120172;120704;
Remblai;2;2;120755;120974;
Remblai;2;2;121002;121095;
Remblai;2;2;121590;121964;
Remblai;2;2;124115;124717;
Remblai;2;2;125756;126114;
Remblai;2;2;130581;131171;
Remblai;2;2;131767;132305;
